key,delta,comparison,n_pairs,median_diff,n_better,n_worse,n_tied,statistic,p_value,p_adjusted,significant_at_0.05
sub01_k3_constrained,1,oracle_vs_uniform,30,0.000000,0,0,30,,,,False
sub01_k3_constrained,1,xgb_cal_vs_uniform,30,0.000000,0,0,30,,,,False
sub01_k3_constrained,1,xgb_cal_deployable_vs_uniform,30,0.000000,0,2,28,0.000000,0.157299,0.206116,False
sub01_k3_constrained,2,oracle_vs_uniform,30,0.000000,0,0,30,,,,False
sub01_k3_constrained,2,xgb_cal_vs_uniform,30,0.000000,0,0,30,,,,False
sub01_k3_constrained,2,xgb_cal_deployable_vs_uniform,30,0.000000,1,2,27,2.000000,0.563703,0.586869,False
sub01_k3_constrained,2,benefit_model_deployable_vs_uniform,30,0.000000,0,5,25,0.000000,0.038434,0.053216,False
sub01_k3_constrained,4,oracle_vs_uniform,30,0.000000,0,0,30,,,,False
sub01_k3_constrained,4,xgb_cal_vs_uniform,30,0.000000,0,0,30,,,,False
sub01_k3_constrained,4,xgb_cal_deployable_vs_uniform,30,0.000000,1,6,23,4.500000,0.086040,0.114721,False
sub01_k3_constrained,4,benefit_model_deployable_vs_uniform,30,0.003333,0,17,13,0.000000,0.000230,0.000517,True
sub01_k3_simple,1,oracle_vs_uniform,30,0.000000,0,0,30,,,,False
sub01_k3_simple,1,xgb_cal_vs_uniform,30,0.000000,0,0,30,,,,False
sub01_k3_simple,1,xgb_cal_deployable_vs_uniform,30,0.000000,0,0,30,,,,False
sub01_k3_simple,2,oracle_vs_uniform,30,0.000000,0,0,30,,,,False
sub01_k3_simple,2,xgb_cal_vs_uniform,30,0.000000,0,0,30,,,,False
sub01_k3_simple,2,xgb_cal_deployable_vs_uniform,30,0.000000,5,7,18,31.000000,0.523828,0.568728,False
sub01_k3_simple,2,benefit_model_deployable_vs_uniform,30,0.000000,0,4,26,0.000000,0.058782,0.075576,False
sub01_k3_simple,4,oracle_vs_uniform,30,0.000000,0,0,30,,,,False
sub01_k3_simple,4,xgb_cal_vs_uniform,30,0.000000,0,0,30,,,,False
sub01_k3_simple,4,xgb_cal_deployable_vs_uniform,30,0.000000,2,1,27,2.000000,0.563703,0.586869,False
sub01_k3_simple,4,benefit_model_deployable_vs_uniform,30,0.003333,0,21,9,0.000000,0.000055,0.000175,True
sub01_k5_constrained,1,oracle_vs_uniform,30,0.000000,0,0,30,,,,False
sub01_k5_constrained,1,xgb_cal_vs_uniform,30,0.000000,0,0,30,,,,False
sub01_k5_constrained,1,xgb_cal_deployable_vs_uniform,30,0.000000,0,0,30,,,,False
sub01_k5_constrained,2,oracle_vs_uniform,30,0.000000,0,0,30,,,,False
sub01_k5_constrained,2,xgb_cal_vs_uniform,30,0.000000,0,0,30,,,,False
sub01_k5_constrained,2,xgb_cal_deployable_vs_uniform,30,0.000000,0,0,30,,,,False
sub01_k5_constrained,2,benefit_model_deployable_vs_uniform,30,0.000000,0,0,30,,,,False
sub01_k5_constrained,4,oracle_vs_uniform,30,0.000000,0,0,30,,,,False
sub01_k5_constrained,4,xgb_cal_vs_uniform,30,0.000000,0,0,30,,,,False
sub01_k5_constrained,4,xgb_cal_deployable_vs_uniform,30,0.000000,0,0,30,,,,False
sub01_k5_constrained,4,benefit_model_deployable_vs_uniform,30,0.000000,0,1,29,0.000000,0.317311,0.356974,False
sub01_k5_simple,1,oracle_vs_uniform,30,0.000000,0,0,30,,,,False
sub01_k5_simple,1,xgb_cal_vs_uniform,30,0.000000,0,0,30,,,,False
sub01_k5_simple,1,xgb_cal_deployable_vs_uniform,30,0.000000,0,0,30,,,,False
sub01_k5_simple,2,oracle_vs_uniform,30,0.000000,0,0,30,,,,False
sub01_k5_simple,2,xgb_cal_vs_uniform,30,0.000000,0,0,30,,,,False
sub01_k5_simple,2,xgb_cal_deployable_vs_uniform,30,0.000000,0,0,30,,,,False
sub01_k5_simple,2,benefit_model_deployable_vs_uniform,30,0.000000,0,0,30,,,,False
sub01_k5_simple,4,oracle_vs_uniform,30,0.000000,0,0,30,,,,False
sub01_k5_simple,4,xgb_cal_vs_uniform,30,0.000000,0,0,30,,,,False
sub01_k5_simple,4,xgb_cal_deployable_vs_uniform,30,0.000000,0,1,29,0.000000,0.317311,0.382787,False
sub01_k5_simple,4,benefit_model_deployable_vs_uniform,30,0.000000,0,2,28,0.000000,0.157299,0.184656,False
sub05_k3_constrained,1,oracle_vs_uniform,30,0.000000,0,0,30,,,,False
sub05_k3_constrained,1,xgb_cal_vs_uniform,30,0.000000,0,0,30,,,,False
sub05_k3_constrained,1,xgb_cal_deployable_vs_uniform,30,0.000000,0,9,21,0.000000,0.006606,0.010041,True
sub05_k3_constrained,2,oracle_vs_uniform,30,-0.001667,15,0,15,0.000000,0.000356,0.000627,True
sub05_k3_constrained,2,xgb_cal_vs_uniform,30,-0.003333,18,1,11,2.000000,0.000115,0.000229,True
sub05_k3_constrained,2,xgb_cal_deployable_vs_uniform,30,-0.003333,22,1,7,1.000000,0.000026,0.000071,True
sub05_k3_constrained,2,benefit_model_deployable_vs_uniform,30,0.003333,1,22,7,5.500000,0.000051,0.000171,True
sub05_k3_constrained,4,oracle_vs_uniform,30,-0.006667,27,1,2,5.500000,0.000006,0.000018,True
sub05_k3_constrained,4,xgb_cal_vs_uniform,30,-0.010000,27,0,3,0.000000,0.000005,0.000014,True
sub05_k3_constrained,4,xgb_cal_deployable_vs_uniform,30,-0.008333,26,0,4,0.000000,0.000008,0.000025,True
sub05_k3_constrained,4,benefit_model_deployable_vs_uniform,30,-0.003333,21,5,4,54.500000,0.001846,0.002932,True
sub05_k3_simple,1,oracle_vs_uniform,30,0.000000,0,0,30,,,,False
sub05_k3_simple,1,xgb_cal_vs_uniform,30,0.000000,0,0,30,,,,False
sub05_k3_simple,1,xgb_cal_deployable_vs_uniform,30,0.000000,0,5,25,0.000000,0.033895,0.048604,True
sub05_k3_simple,2,oracle_vs_uniform,30,-0.016667,30,0,0,0.000000,0.000002,0.000007,True
sub05_k3_simple,2,xgb_cal_vs_uniform,30,-0.020000,30,0,0,0.000000,0.000002,0.000007,True
sub05_k3_simple,2,xgb_cal_deployable_vs_uniform,30,-0.040000,30,0,0,0.000000,0.000002,0.000017,True
sub05_k3_simple,2,benefit_model_deployable_vs_uniform,30,0.000000,11,14,5,141.500000,0.569233,0.614772,False
sub05_k3_simple,4,oracle_vs_uniform,30,-0.041667,30,0,0,0.000000,0.000002,0.000007,True
sub05_k3_simple,4,xgb_cal_vs_uniform,30,-0.040000,30,0,0,0.000000,0.000002,0.000007,True
sub05_k3_simple,4,xgb_cal_deployable_vs_uniform,30,-0.058333,30,0,0,0.000000,0.000002,0.000017,True
sub05_k3_simple,4,benefit_model_deployable_vs_uniform,30,0.010000,2,24,4,21.000000,0.000085,0.000250,True
sub05_k5_constrained,1,oracle_vs_uniform,30,0.000000,0,0,30,,,,False
sub05_k5_constrained,1,xgb_cal_vs_uniform,30,0.000000,0,0,30,,,,False
sub05_k5_constrained,1,xgb_cal_deployable_vs_uniform,30,0.000000,0,0,30,,,,False
sub05_k5_constrained,2,oracle_vs_uniform,30,0.000000,0,0,30,,,,False
sub05_k5_constrained,2,xgb_cal_vs_uniform,30,0.000000,0,0,30,,,,False
sub05_k5_constrained,2,xgb_cal_deployable_vs_uniform,30,0.000000,5,2,23,7.000000,0.205903,0.260811,False
sub05_k5_constrained,2,benefit_model_deployable_vs_uniform,30,0.000000,0,2,28,0.000000,0.157299,0.184656,False
sub05_k5_constrained,4,oracle_vs_uniform,30,0.000000,0,0,30,,,,False
sub05_k5_constrained,4,xgb_cal_vs_uniform,30,0.000000,0,0,30,,,,False
sub05_k5_constrained,4,xgb_cal_deployable_vs_uniform,30,0.000000,5,4,21,22.000000,0.948851,0.960933,False
sub05_k5_constrained,4,benefit_model_deployable_vs_uniform,30,0.000000,0,7,23,0.000000,0.008151,0.011896,True
sub05_k5_simple,1,oracle_vs_uniform,30,0.000000,0,0,30,,,,False
sub05_k5_simple,1,xgb_cal_vs_uniform,30,0.000000,0,0,30,,,,False
sub05_k5_simple,1,xgb_cal_deployable_vs_uniform,30,0.000000,0,0,30,,,,False
sub05_k5_simple,2,oracle_vs_uniform,30,0.000000,0,0,30,,,,False
sub05_k5_simple,2,xgb_cal_vs_uniform,30,0.000000,0,0,30,,,,False
sub05_k5_simple,2,xgb_cal_deployable_vs_uniform,30,0.000000,1,0,29,0.000000,0.317311,0.382787,False
sub05_k5_simple,2,benefit_model_deployable_vs_uniform,30,0.000000,0,4,26,0.000000,0.063318,0.079515,False
sub05_k5_simple,4,oracle_vs_uniform,30,0.000000,0,0,30,,,,False
sub05_k5_simple,4,xgb_cal_vs_uniform,30,0.000000,0,0,30,,,,False
sub05_k5_simple,4,xgb_cal_deployable_vs_uniform,30,0.000000,4,5,21,14.500000,0.327942,0.389431,False
sub05_k5_simple,4,benefit_model_deployable_vs_uniform,30,0.001667,0,15,15,0.000000,0.000576,0.001073,True
sub09_k3_constrained,1,oracle_vs_uniform,30,0.000000,0,0,30,,,,False
sub09_k3_constrained,1,xgb_cal_vs_uniform,30,0.000000,0,0,30,,,,False
sub09_k3_constrained,1,xgb_cal_deployable_vs_uniform,30,0.003333,0,18,12,0.000000,0.000179,0.000369,True
sub09_k3_constrained,2,oracle_vs_uniform,30,-0.003333,16,1,13,17.000000,0.004440,0.007336,True
sub09_k3_constrained,2,xgb_cal_vs_uniform,30,0.000000,13,5,12,43.000000,0.060409,0.074050,False
sub09_k3_constrained,2,xgb_cal_deployable_vs_uniform,30,-0.005000,21,4,5,31.500000,0.000409,0.000708,True
sub09_k3_constrained,2,benefit_model_deployable_vs_uniform,30,-0.003333,19,6,5,39.000000,0.000842,0.001422,True
sub09_k3_constrained,4,oracle_vs_uniform,30,-0.006667,23,3,4,18.500000,0.000063,0.000126,True
sub09_k3_constrained,4,xgb_cal_vs_uniform,30,-0.005000,21,4,5,22.000000,0.000149,0.000284,True
sub09_k3_constrained,4,xgb_cal_deployable_vs_uniform,30,-0.003333,23,3,4,31.000000,0.000235,0.000458,True
sub09_k3_constrained,4,benefit_model_deployable_vs_uniform,30,-0.006667,20,7,3,47.000000,0.000638,0.001132,True
sub09_k3_simple,1,oracle_vs_uniform,30,0.000000,0,0,30,,,,False
sub09_k3_simple,1,xgb_cal_vs_uniform,30,0.000000,0,0,30,,,,False
sub09_k3_simple,1,xgb_cal_deployable_vs_uniform,30,0.003333,0,18,12,0.000000,0.000186,0.000372,True
sub09_k3_simple,2,oracle_vs_uniform,30,-0.013333,27,2,1,16.000000,0.000013,0.000029,True
sub09_k3_simple,2,xgb_cal_vs_uniform,30,-0.010000,29,1,0,2.500000,0.000002,0.000008,True
sub09_k3_simple,2,xgb_cal_deployable_vs_uniform,30,-0.023333,30,0,0,0.000000,0.000002,0.000017,True
sub09_k3_simple,2,benefit_model_deployable_vs_uniform,30,-0.026667,30,0,0,0.000000,0.000002,0.000011,True
sub09_k3_simple,4,oracle_vs_uniform,30,-0.033333,29,1,0,2.000000,0.000002,0.000008,True
sub09_k3_simple,4,xgb_cal_vs_uniform,30,-0.030000,28,1,1,1.500000,0.000003,0.000010,True
sub09_k3_simple,4,xgb_cal_deployable_vs_uniform,30,-0.033333,30,0,0,0.000000,0.000002,0.000017,True
sub09_k3_simple,4,benefit_model_deployable_vs_uniform,30,-0.028333,29,1,0,1.000000,0.000002,0.000011,True
sub09_k5_constrained,1,oracle_vs_uniform,30,0.000000,0,0,30,,,,False
sub09_k5_constrained,1,xgb_cal_vs_uniform,30,0.000000,0,0,30,,,,False
sub09_k5_constrained,1,xgb_cal_deployable_vs_uniform,30,0.000000,0,3,27,0.000000,0.083265,0.113002,False
sub09_k5_constrained,2,oracle_vs_uniform,30,0.000000,0,0,30,,,,False
sub09_k5_constrained,2,xgb_cal_vs_uniform,30,0.000000,0,0,30,,,,False
sub09_k5_constrained,2,xgb_cal_deployable_vs_uniform,30,-0.003333,16,5,9,59.000000,0.049003,0.068967,False
sub09_k5_constrained,2,benefit_model_deployable_vs_uniform,30,0.000000,0,10,20,0.000000,0.004809,0.007213,True
sub09_k5_constrained,4,oracle_vs_uniform,30,0.000000,0,0,30,,,,False
sub09_k5_constrained,4,xgb_cal_vs_uniform,30,0.000000,0,0,30,,,,False
sub09_k5_constrained,4,xgb_cal_deployable_vs_uniform,30,0.000000,10,7,13,38.500000,0.070648,0.097623,False
sub09_k5_constrained,4,benefit_model_deployable_vs_uniform,30,0.003333,0,22,8,0.000000,0.000039,0.000140,True
sub09_k5_simple,1,oracle_vs_uniform,30,0.000000,0,0,30,,,,False
sub09_k5_simple,1,xgb_cal_vs_uniform,30,0.000000,0,0,30,,,,False
sub09_k5_simple,1,xgb_cal_deployable_vs_uniform,30,0.000000,0,11,19,0.000000,0.001341,0.002168,True
sub09_k5_simple,2,oracle_vs_uniform,30,0.000000,0,0,30,,,,False
sub09_k5_simple,2,xgb_cal_vs_uniform,30,0.000000,0,0,30,,,,False
sub09_k5_simple,2,xgb_cal_deployable_vs_uniform,30,0.000000,13,9,8,101.000000,0.403244,0.464342,False
sub09_k5_simple,2,benefit_model_deployable_vs_uniform,30,0.003333,1,21,8,8.500000,0.000093,0.000252,True
sub09_k5_simple,4,oracle_vs_uniform,30,0.000000,0,0,30,,,,False
sub09_k5_simple,4,xgb_cal_vs_uniform,30,0.000000,0,0,30,,,,False
sub09_k5_simple,4,xgb_cal_deployable_vs_uniform,30,0.000000,6,11,13,54.500000,0.291369,0.363017,False
sub09_k5_simple,4,benefit_model_deployable_vs_uniform,30,0.010000,0,30,0,0.000000,0.000002,0.000011,True
sub12_k3_constrained,1,oracle_vs_uniform,30,0.000000,0,0,30,,,,False
sub12_k3_constrained,1,xgb_cal_vs_uniform,30,0.000000,0,0,30,,,,False
sub12_k3_constrained,1,xgb_cal_deployable_vs_uniform,30,0.010000,0,28,2,0.000000,0.000004,0.000017,True
sub12_k3_constrained,2,oracle_vs_uniform,30,-0.001667,15,6,9,76.500000,0.168602,0.213563,False
sub12_k3_constrained,2,xgb_cal_vs_uniform,30,0.003333,4,16,10,39.500000,0.012082,0.016397,True
sub12_k3_constrained,2,xgb_cal_deployable_vs_uniform,30,0.003333,3,19,8,18.000000,0.000410,0.000708,True
sub12_k3_constrained,2,benefit_model_deployable_vs_uniform,30,0.006667,5,22,3,27.000000,0.000088,0.000250,True
sub12_k3_constrained,4,oracle_vs_uniform,30,-0.005000,26,1,3,16.500000,0.000030,0.000062,True
sub12_k3_constrained,4,xgb_cal_vs_uniform,30,0.010000,2,25,3,8.000000,0.000013,0.000032,True
sub12_k3_constrained,4,xgb_cal_deployable_vs_uniform,30,0.013333,1,27,2,2.000000,0.000004,0.000019,True
sub12_k3_constrained,4,benefit_model_deployable_vs_uniform,30,0.011667,2,27,1,7.000000,0.000005,0.000025,True
sub12_k3_simple,1,oracle_vs_uniform,30,0.000000,0,0,30,,,,False
sub12_k3_simple,1,xgb_cal_vs_uniform,30,0.000000,0,0,30,,,,False
sub12_k3_simple,1,xgb_cal_deployable_vs_uniform,30,0.008333,0,29,1,0.000000,0.000002,0.000017,True
sub12_k3_simple,2,oracle_vs_uniform,30,-0.010000,25,2,3,4.500000,0.000009,0.000024,True
sub12_k3_simple,2,xgb_cal_vs_uniform,30,0.013333,0,30,0,0.000000,0.000002,0.000007,True
sub12_k3_simple,2,xgb_cal_deployable_vs_uniform,30,0.006667,1,26,3,2.000000,0.000007,0.000025,True
sub12_k3_simple,2,benefit_model_deployable_vs_uniform,30,0.001667,8,15,7,43.000000,0.003680,0.005677,True
sub12_k3_simple,4,oracle_vs_uniform,30,-0.053333,30,0,0,0.000000,0.000002,0.000007,True
sub12_k3_simple,4,xgb_cal_vs_uniform,30,0.061667,0,30,0,0.000000,0.000002,0.000007,True
sub12_k3_simple,4,xgb_cal_deployable_vs_uniform,30,0.013333,1,28,1,4.500000,0.000004,0.000017,True
sub12_k3_simple,4,benefit_model_deployable_vs_uniform,30,0.006667,4,23,3,35.500000,0.000219,0.000514,True
sub12_k5_constrained,1,oracle_vs_uniform,30,0.000000,0,0,30,,,,False
sub12_k5_constrained,1,xgb_cal_vs_uniform,30,0.000000,0,0,30,,,,False
sub12_k5_constrained,1,xgb_cal_deployable_vs_uniform,30,0.000000,0,8,22,0.000000,0.010712,0.015962,True
sub12_k5_constrained,2,oracle_vs_uniform,30,0.000000,0,0,30,,,,False
sub12_k5_constrained,2,xgb_cal_vs_uniform,30,0.000000,0,0,30,,,,False
sub12_k5_constrained,2,xgb_cal_deployable_vs_uniform,30,0.000000,12,9,9,89.500000,0.361325,0.422473,False
sub12_k5_constrained,2,benefit_model_deployable_vs_uniform,30,0.000000,4,14,12,32.000000,0.017807,0.025305,True
sub12_k5_constrained,4,oracle_vs_uniform,30,0.000000,0,0,30,,,,False
sub12_k5_constrained,4,xgb_cal_vs_uniform,30,0.000000,0,0,30,,,,False
sub12_k5_constrained,4,xgb_cal_deployable_vs_uniform,30,0.003333,3,19,8,24.500000,0.000838,0.001384,True
sub12_k5_constrained,4,benefit_model_deployable_vs_uniform,30,0.010000,1,28,1,10.000000,0.000007,0.000031,True
sub12_k5_simple,1,oracle_vs_uniform,30,0.000000,0,0,30,,,,False
sub12_k5_simple,1,xgb_cal_vs_uniform,30,0.000000,0,0,30,,,,False
sub12_k5_simple,1,xgb_cal_deployable_vs_uniform,30,0.000000,0,12,18,0.000000,0.001982,0.003138,True
sub12_k5_simple,2,oracle_vs_uniform,30,0.000000,4,2,24,9.000000,0.738883,0.779932,False
sub12_k5_simple,2,xgb_cal_vs_uniform,30,0.000000,6,1,23,3.000000,0.053206,0.067394,False
sub12_k5_simple,2,xgb_cal_deployable_vs_uniform,30,-0.005000,22,2,6,26.500000,0.000399,0.000708,True
sub12_k5_simple,2,benefit_model_deployable_vs_uniform,30,0.000000,7,8,15,52.000000,0.645812,0.683801,False
sub12_k5_simple,4,oracle_vs_uniform,30,0.000000,14,5,11,50.000000,0.064895,0.091333,False
sub12_k5_simple,4,xgb_cal_vs_uniform,30,-0.003333,17,7,6,59.500000,0.008595,0.012097,True
sub12_k5_simple,4,xgb_cal_deployable_vs_uniform,30,-0.006667,19,5,6,53.500000,0.005664,0.008785,True
sub12_k5_simple,4,benefit_model_deployable_vs_uniform,30,0.003333,7,17,6,82.500000,0.052917,0.070264,False
sub15_k3_constrained,1,oracle_vs_uniform,30,0.000000,0,0,30,,,,False
sub15_k3_constrained,1,xgb_cal_vs_uniform,30,0.000000,0,0,30,,,,False
sub15_k3_constrained,1,xgb_cal_deployable_vs_uniform,30,0.006667,0,29,1,0.000000,0.000002,0.000017,True
sub15_k3_constrained,2,oracle_vs_uniform,30,-0.006667,20,3,7,21.500000,0.000363,0.000627,True
sub15_k3_constrained,2,xgb_cal_vs_uniform,30,0.008333,4,22,4,19.500000,0.000069,0.000146,True
sub15_k3_constrained,2,xgb_cal_deployable_vs_uniform,30,0.006667,1,28,1,4.500000,0.000004,0.000017,True
sub15_k3_constrained,2,benefit_model_deployable_vs_uniform,30,0.005000,4,23,3,45.000000,0.000515,0.001030,True
sub15_k3_constrained,4,oracle_vs_uniform,30,-0.013333,28,1,1,8.500000,0.000006,0.000018,True
sub15_k3_constrained,4,xgb_cal_vs_uniform,30,0.013333,4,24,2,18.500000,0.000026,0.000058,True
sub15_k3_constrained,4,xgb_cal_deployable_vs_uniform,30,0.010000,0,28,2,0.000000,0.000004,0.000017,True
sub15_k3_constrained,4,benefit_model_deployable_vs_uniform,30,0.008333,2,26,2,21.500000,0.000035,0.000133,True
sub15_k3_simple,1,oracle_vs_uniform,30,0.000000,0,0,30,,,,False
sub15_k3_simple,1,xgb_cal_vs_uniform,30,0.000000,0,0,30,,,,False
sub15_k3_simple,1,xgb_cal_deployable_vs_uniform,30,0.010000,0,28,2,0.000000,0.000004,0.000017,True
sub15_k3_simple,2,oracle_vs_uniform,30,-0.026667,30,0,0,0.000000,0.000002,0.000007,True
sub15_k3_simple,2,xgb_cal_vs_uniform,30,0.028333,0,30,0,0.000000,0.000002,0.000007,True
sub15_k3_simple,2,xgb_cal_deployable_vs_uniform,30,0.010000,0,26,4,0.000000,0.000008,0.000025,True
sub15_k3_simple,2,benefit_model_deployable_vs_uniform,30,0.003333,1,19,10,4.000000,0.000148,0.000379,True
sub15_k3_simple,4,oracle_vs_uniform,30,-0.101667,30,0,0,0.000000,0.000002,0.000007,True
sub15_k3_simple,4,xgb_cal_vs_uniform,30,0.090000,0,30,0,0.000000,0.000002,0.000007,True
sub15_k3_simple,4,xgb_cal_deployable_vs_uniform,30,0.016667,0,28,2,0.000000,0.000004,0.000017,True
sub15_k3_simple,4,benefit_model_deployable_vs_uniform,30,0.006667,3,24,3,36.500000,0.000240,0.000518,True
sub15_k5_constrained,1,oracle_vs_uniform,30,0.000000,0,0,30,,,,False
sub15_k5_constrained,1,xgb_cal_vs_uniform,30,0.000000,0,0,30,,,,False
sub15_k5_constrained,1,xgb_cal_deployable_vs_uniform,30,0.003333,0,18,12,0.000000,0.000170,0.000360,True
sub15_k5_constrained,2,oracle_vs_uniform,30,0.000000,3,4,23,13.000000,0.862320,0.862320,False
sub15_k5_constrained,2,xgb_cal_vs_uniform,30,0.000000,1,4,25,3.000000,0.216367,0.249150,False
sub15_k5_constrained,2,xgb_cal_deployable_vs_uniform,30,0.000000,14,12,4,151.500000,0.540159,0.578199,False
sub15_k5_constrained,2,benefit_model_deployable_vs_uniform,30,0.003333,5,17,8,67.500000,0.053348,0.070264,False
sub15_k5_constrained,4,oracle_vs_uniform,30,0.000000,3,9,18,21.000000,0.145610,0.190799,False
sub15_k5_constrained,4,xgb_cal_vs_uniform,30,0.000000,1,7,22,6.000000,0.087279,0.103644,False
sub15_k5_constrained,4,xgb_cal_deployable_vs_uniform,30,0.003333,2,19,9,14.000000,0.000376,0.000697,True
sub15_k5_constrained,4,benefit_model_deployable_vs_uniform,30,0.006667,4,20,6,19.000000,0.000176,0.000433,True
sub15_k5_simple,1,oracle_vs_uniform,30,0.000000,0,0,30,,,,False
sub15_k5_simple,1,xgb_cal_vs_uniform,30,0.000000,0,0,30,,,,False
sub15_k5_simple,1,xgb_cal_deployable_vs_uniform,30,0.003333,0,16,14,0.000000,0.000328,0.000623,True
sub15_k5_simple,2,oracle_vs_uniform,30,0.000000,14,7,9,55.500000,0.036074,0.052724,False
sub15_k5_simple,2,xgb_cal_vs_uniform,30,-0.003333,19,3,8,31.500000,0.001785,0.002827,True
sub15_k5_simple,2,xgb_cal_deployable_vs_uniform,30,-0.010000,23,5,2,23.500000,0.000042,0.000108,True
sub15_k5_simple,2,benefit_model_deployable_vs_uniform,30,0.000000,14,7,9,63.500000,0.069850,0.085725,False
sub15_k5_simple,4,oracle_vs_uniform,30,0.000000,13,12,5,156.000000,0.860555,0.862320,False
sub15_k5_simple,4,xgb_cal_vs_uniform,30,-0.006667,22,2,6,23.000000,0.000266,0.000481,True
sub15_k5_simple,4,xgb_cal_deployable_vs_uniform,30,-0.006667,20,3,7,22.500000,0.000428,0.000723,True
sub15_k5_simple,4,benefit_model_deployable_vs_uniform,30,0.000000,13,12,5,152.000000,0.776367,0.806228,False
sub18_k3_constrained,1,oracle_vs_uniform,30,0.000000,0,0,30,,,,False
sub18_k3_constrained,1,xgb_cal_vs_uniform,30,0.000000,0,0,30,,,,False
sub18_k3_constrained,1,xgb_cal_deployable_vs_uniform,30,0.006667,0,26,4,0.000000,0.000008,0.000025,True
sub18_k3_constrained,2,oracle_vs_uniform,30,-0.006667,26,2,2,9.000000,0.000009,0.000024,True
sub18_k3_constrained,2,xgb_cal_vs_uniform,30,0.006667,6,20,4,55.500000,0.002232,0.003392,True
sub18_k3_constrained,2,xgb_cal_deployable_vs_uniform,30,0.001667,7,15,8,85.000000,0.177132,0.228170,False
sub18_k3_constrained,2,benefit_model_deployable_vs_uniform,30,-0.015000,20,6,4,39.500000,0.000547,0.001055,True
sub18_k3_constrained,4,oracle_vs_uniform,30,-0.056667,30,0,0,0.000000,0.000002,0.000007,True
sub18_k3_constrained,4,xgb_cal_vs_uniform,30,-0.021667,28,0,2,0.000000,0.000004,0.000011,True
sub18_k3_constrained,4,xgb_cal_deployable_vs_uniform,30,-0.018333,28,2,0,7.000000,0.000003,0.000017,True
sub18_k3_constrained,4,benefit_model_deployable_vs_uniform,30,-0.053333,30,0,0,0.000000,0.000002,0.000011,True
sub18_k3_simple,1,oracle_vs_uniform,30,0.000000,0,0,30,,,,False
sub18_k3_simple,1,xgb_cal_vs_uniform,30,0.000000,0,0,30,,,,False
sub18_k3_simple,1,xgb_cal_deployable_vs_uniform,30,0.005000,0,25,5,0.000000,0.000011,0.000034,True
sub18_k3_simple,2,oracle_vs_uniform,30,-0.011667,29,0,1,0.000000,0.000002,0.000008,True
sub18_k3_simple,2,xgb_cal_vs_uniform,30,0.010000,0,30,0,0.000000,0.000002,0.000007,True
sub18_k3_simple,2,xgb_cal_deployable_vs_uniform,30,0.005000,1,25,4,9.000000,0.000022,0.000062,True
sub18_k3_simple,2,benefit_model_deployable_vs_uniform,30,-0.046667,30,0,0,0.000000,0.000002,0.000011,True
sub18_k3_simple,4,oracle_vs_uniform,30,-0.096667,30,0,0,0.000000,0.000002,0.000007,True
sub18_k3_simple,4,xgb_cal_vs_uniform,30,0.041667,0,30,0,0.000000,0.000002,0.000007,True
sub18_k3_simple,4,xgb_cal_deployable_vs_uniform,30,0.008333,0,26,4,0.000000,0.000008,0.000025,True
sub18_k3_simple,4,benefit_model_deployable_vs_uniform,30,-0.086667,30,0,0,0.000000,0.000002,0.000011,True
sub18_k5_constrained,1,oracle_vs_uniform,30,0.000000,0,0,30,,,,False
sub18_k5_constrained,1,xgb_cal_vs_uniform,30,0.000000,0,0,30,,,,False
sub18_k5_constrained,1,xgb_cal_deployable_vs_uniform,30,0.006667,0,29,1,0.000000,0.000002,0.000017,True
sub18_k5_constrained,2,oracle_vs_uniform,30,0.000000,11,11,8,99.000000,0.368596,0.451828,False
sub18_k5_constrained,2,xgb_cal_vs_uniform,30,0.000000,13,9,8,125.000000,0.960156,0.960156,False
sub18_k5_constrained,2,xgb_cal_deployable_vs_uniform,30,0.000000,14,13,3,158.000000,0.455104,0.508645,False
sub18_k5_constrained,2,benefit_model_deployable_vs_uniform,30,0.000000,12,14,4,172.000000,0.928938,0.946465,False
sub18_k5_constrained,4,oracle_vs_uniform,30,0.000000,4,6,20,20.000000,0.405381,0.481389,False
sub18_k5_constrained,4,xgb_cal_vs_uniform,30,0.000000,6,8,16,46.000000,0.659675,0.716219,False
sub18_k5_constrained,4,xgb_cal_deployable_vs_uniform,30,0.006667,5,21,4,25.000000,0.000127,0.000285,True
sub18_k5_constrained,4,benefit_model_deployable_vs_uniform,30,0.006667,5,22,3,44.000000,0.000468,0.000971,True
sub18_k5_simple,1,oracle_vs_uniform,30,0.000000,0,0,30,,,,False
sub18_k5_simple,1,xgb_cal_vs_uniform,30,0.000000,0,0,30,,,,False
sub18_k5_simple,1,xgb_cal_deployable_vs_uniform,30,0.006667,0,26,4,0.000000,0.000008,0.000025,True
sub18_k5_simple,2,oracle_vs_uniform,30,0.000000,11,14,5,140.000000,0.541617,0.623680,False
sub18_k5_simple,2,xgb_cal_vs_uniform,30,0.000000,11,10,9,112.500000,0.915941,0.940696,False
sub18_k5_simple,2,xgb_cal_deployable_vs_uniform,30,0.000000,13,9,8,125.000000,0.960933,0.960933,False
sub18_k5_simple,2,benefit_model_deployable_vs_uniform,30,0.000000,10,14,6,113.500000,0.294363,0.338205,False
sub18_k5_simple,4,oracle_vs_uniform,30,-0.003333,16,9,5,102.500000,0.104313,0.141568,False
sub18_k5_simple,4,xgb_cal_vs_uniform,30,0.000000,11,13,6,127.500000,0.515872,0.576563,False
sub18_k5_simple,4,xgb_cal_deployable_vs_uniform,30,0.000000,11,13,6,127.500000,0.515872,0.568207,False
sub18_k5_simple,4,benefit_model_deployable_vs_uniform,30,0.000000,11,12,7,116.500000,0.510659,0.562767,False
sub20_k3_constrained,1,oracle_vs_uniform,30,0.000000,0,0,30,,,,False
sub20_k3_constrained,1,xgb_cal_vs_uniform,30,0.000000,0,0,30,,,,False
sub20_k3_constrained,1,xgb_cal_deployable_vs_uniform,30,0.003333,0,21,9,0.000000,0.000044,0.000108,True
sub20_k3_constrained,2,oracle_vs_uniform,30,-0.003333,16,6,8,51.500000,0.013945,0.022079,True
sub20_k3_constrained,2,xgb_cal_vs_uniform,30,0.001667,5,15,10,46.000000,0.026292,0.034452,True
sub20_k3_constrained,2,xgb_cal_deployable_vs_uniform,30,0.000000,12,12,6,122.000000,0.422644,0.479417,False
sub20_k3_constrained,2,benefit_model_deployable_vs_uniform,30,-0.015000,28,0,2,0.000000,0.000004,0.000020,True
sub20_k3_constrained,4,oracle_vs_uniform,30,-0.056667,30,0,0,0.000000,0.000002,0.000007,True
sub20_k3_constrained,4,xgb_cal_vs_uniform,30,-0.030000,30,0,0,0.000000,0.000002,0.000007,True
sub20_k3_constrained,4,xgb_cal_deployable_vs_uniform,30,-0.028333,30,0,0,0.000000,0.000002,0.000017,True
sub20_k3_constrained,4,benefit_model_deployable_vs_uniform,30,-0.051667,30,0,0,0.000000,0.000002,0.000011,True
sub20_k3_simple,1,oracle_vs_uniform,30,0.000000,0,0,30,,,,False
sub20_k3_simple,1,xgb_cal_vs_uniform,30,0.000000,0,0,30,,,,False
sub20_k3_simple,1,xgb_cal_deployable_vs_uniform,30,0.003333,0,19,11,0.000000,0.000096,0.000221,True
sub20_k3_simple,2,oracle_vs_uniform,30,-0.003333,16,0,14,0.000000,0.000327,0.000622,True
sub20_k3_simple,2,xgb_cal_vs_uniform,30,0.000000,1,14,15,4.500000,0.001277,0.002110,True
sub20_k3_simple,2,xgb_cal_deployable_vs_uniform,30,0.003333,1,19,10,7.000000,0.000153,0.000333,True
sub20_k3_simple,2,benefit_model_deployable_vs_uniform,30,-0.026667,30,0,0,0.000000,0.000002,0.000011,True
sub20_k3_simple,4,oracle_vs_uniform,30,-0.058333,30,0,0,0.000000,0.000002,0.000007,True
sub20_k3_simple,4,xgb_cal_vs_uniform,30,0.016667,0,28,2,0.000000,0.000004,0.000011,True
sub20_k3_simple,4,xgb_cal_deployable_vs_uniform,30,0.003333,2,21,7,10.000000,0.000084,0.000199,True
sub20_k3_simple,4,benefit_model_deployable_vs_uniform,30,-0.068333,30,0,0,0.000000,0.000002,0.000011,True
sub20_k5_constrained,1,oracle_vs_uniform,30,0.000000,0,0,30,,,,False
sub20_k5_constrained,1,xgb_cal_vs_uniform,30,0.000000,0,0,30,,,,False
sub20_k5_constrained,1,xgb_cal_deployable_vs_uniform,30,0.010000,0,29,1,0.000000,0.000002,0.000017,True
sub20_k5_constrained,2,oracle_vs_uniform,30,0.000000,13,13,4,157.000000,0.637133,0.711095,False
sub20_k5_constrained,2,xgb_cal_vs_uniform,30,0.000000,13,11,6,139.500000,0.762930,0.805315,False
sub20_k5_constrained,2,xgb_cal_deployable_vs_uniform,30,-0.001667,15,11,4,154.500000,0.591792,0.607787,False
sub20_k5_constrained,2,benefit_model_deployable_vs_uniform,30,0.000000,13,14,3,188.500000,0.990399,0.990399,False
sub20_k5_constrained,4,oracle_vs_uniform,30,0.000000,13,11,6,134.500000,0.654956,0.711095,False
sub20_k5_constrained,4,xgb_cal_vs_uniform,30,0.003333,7,17,6,53.000000,0.005299,0.007745,True
sub20_k5_constrained,4,xgb_cal_deployable_vs_uniform,30,0.003333,7,18,5,80.500000,0.026788,0.039151,True
sub20_k5_constrained,4,benefit_model_deployable_vs_uniform,30,0.006667,7,20,3,59.000000,0.001716,0.002807,True
sub20_k5_simple,1,oracle_vs_uniform,30,0.000000,0,0,30,,,,False
sub20_k5_simple,1,xgb_cal_vs_uniform,30,0.000000,0,0,30,,,,False
sub20_k5_simple,1,xgb_cal_deployable_vs_uniform,30,0.006667,0,29,1,0.000000,0.000002,0.000017,True
sub20_k5_simple,2,oracle_vs_uniform,30,-0.003333,18,7,5,73.500000,0.016442,0.024992,True
sub20_k5_simple,2,xgb_cal_vs_uniform,30,0.006667,5,23,2,44.500000,0.000297,0.000512,True
sub20_k5_simple,2,xgb_cal_deployable_vs_uniform,30,0.003333,3,23,4,15.000000,0.000044,0.000108,True
sub20_k5_simple,2,benefit_model_deployable_vs_uniform,30,0.010000,8,22,0,67.000000,0.000650,0.001132,True
sub20_k5_simple,4,oracle_vs_uniform,30,-0.015000,25,0,5,0.000000,0.000012,0.000028,True
sub20_k5_simple,4,xgb_cal_vs_uniform,30,0.013333,1,28,1,9.500000,0.000007,0.000017,True
sub20_k5_simple,4,xgb_cal_deployable_vs_uniform,30,0.010000,1,26,3,5.000000,0.000009,0.000029,True
sub20_k5_simple,4,benefit_model_deployable_vs_uniform,30,0.006667,3,26,1,24.000000,0.000028,0.000114,True
