key,delta,model,tf_forced,tf_abstain,abstained,val_gain_pp,gain_forced_pp,gain_abstain_pp,p_forced,p_abstain,p_adj_forced,p_adj_abstain,direction_forced,direction_abstain
sub01_k3_constrained,1,risk,0.05,0,True,-0.00666667,-0.00666667,0,0.10247,,0.121826,,ns,ns
sub01_k3_constrained,2,risk,0.1,0.1,False,0.00444444,-0.00444444,-0.00444444,0.195668,0.195668,0.225123,0.229404,ns,ns
sub01_k3_constrained,2,benefit,0.1,0,True,-0.0444444,-0.0777778,0,5.8038e-05,,7.5268e-05,,worse,ns
sub01_k3_constrained,3,risk,0.05,0,True,-0.0155556,-0.0111111,0,0.0400919,,0.0504686,,ns,ns
sub01_k3_constrained,3,benefit,0.05,0,True,-0.3,-0.34,0,1.66678e-06,,3.0571e-06,,worse,ns
sub01_k3_constrained,4,risk,0.05,0,True,-0.0111111,-0.0111111,0,0.0400919,,0.0504686,,ns,ns
sub01_k3_constrained,4,benefit,0.05,0,True,-0.302222,-0.342222,0,1.66994e-06,,3.0571e-06,,worse,ns
sub01_k3_simple,1,risk,0.05,0,True,-0.00444444,-0.00444444,0,0.179712,,0.209013,,ns,ns
sub01_k3_simple,2,risk,0.3,0.3,False,0.0622222,0.0977778,0.0977778,7.88733e-05,7.88733e-05,0.000125962,0.000148983,better,better
sub01_k3_simple,2,benefit,0.05,0,True,-0.0933333,-0.113333,0,2.57383e-05,,3.50209e-05,,worse,ns
sub01_k3_simple,3,risk,0.05,0,True,-0.00666667,1.73472e-16,0,0.833682,,0.841547,,ns,ns
sub01_k3_simple,3,benefit,0.05,0,True,-0.471111,-0.455556,0,1.69977e-06,,3.0571e-06,,worse,ns
sub01_k3_simple,4,risk,0.05,0,True,-0.00444444,0.00666667,0,0.5813,,0.613441,,ns,ns
sub01_k3_simple,4,benefit,0.05,0,True,-0.473333,-0.475556,0,1.70192e-06,,3.0571e-06,,worse,ns
sub01_k5_constrained,1,risk,0.05,0,True,-0.00222222,0,0,,,,,ns,ns
sub01_k5_constrained,2,risk,0.05,0,True,-0.00222222,0,0,,,,,ns,ns
sub01_k5_constrained,2,benefit,0.05,0,True,0,0,0,,,,,ns,ns
sub01_k5_constrained,3,risk,0.05,0,True,-0.00222222,-0.00222222,0,0.317311,,0.342952,,ns,ns
sub01_k5_constrained,3,benefit,0.05,0,True,-0.00222222,-0.00444444,0,0.157299,,0.167382,,ns,ns
sub01_k5_constrained,4,risk,0.05,0,True,-0.00222222,-0.00222222,0,0.317311,,0.342952,,ns,ns
sub01_k5_constrained,4,benefit,0.05,0,True,0,-0.00222222,0,0.317311,,0.325145,,ns,ns
sub01_k5_simple,1,risk,0.05,0,True,-0.00222222,0,0,,,,,ns,ns
sub01_k5_simple,2,risk,0.2,0,True,0,0,0,,,,,ns,ns
sub01_k5_simple,2,benefit,0.05,0,True,-0.00666667,-0.00444444,0,0.157299,,0.167382,,ns,ns
sub01_k5_simple,3,risk,0.05,0,True,-0.00222222,-0.00222222,0,0.317311,,0.342952,,ns,ns
sub01_k5_simple,3,benefit,0.05,0,True,-0.0244444,-0.0111111,0,0.0587817,,0.066834,,ns,ns
sub01_k5_simple,4,risk,0.05,0,True,-0.00222222,-0.00222222,0,0.317311,,0.342952,,ns,ns
sub01_k5_simple,4,benefit,0.05,0,True,-0.0244444,-0.0111111,0,0.0587817,,0.066834,,ns,ns
sub05_k3_constrained,1,risk,0.05,0,True,-0.0644444,-0.06,0,0.000174708,,0.000270923,,worse,ns
sub05_k3_constrained,2,risk,0.05,0.05,False,0.677778,0.626667,0.626667,1.70084e-06,1.70084e-06,3.70228e-06,4.90177e-06,better,better
sub05_k3_constrained,2,benefit,0.1,0,True,-0.0222222,-0.0488889,0,0.212502,,0.223262,,ns,ns
sub05_k3_constrained,3,risk,0.05,0.05,False,0.571111,0.462222,0.462222,1.69441e-06,1.69441e-06,3.70228e-06,4.90177e-06,better,better
sub05_k3_constrained,3,benefit,0.05,0,True,-1.97333,-1.93333,0,1.67736e-06,,3.0571e-06,,worse,ns
sub05_k3_constrained,4,risk,0.05,0.05,False,1.01111,0.831111,0.831111,1.70084e-06,1.70084e-06,3.70228e-06,4.90177e-06,better,better
sub05_k3_constrained,4,benefit,0.05,0.05,False,0.2,0.302222,0.302222,7.15983e-06,7.15983e-06,1.08048e-05,1.07397e-05,better,better
sub05_k3_simple,1,risk,0.05,0,True,-0.0711111,-0.0511111,0,0.000377944,,0.000553973,,worse,ns
sub05_k3_simple,2,risk,0.3,0.3,False,4.45111,4.42889,4.42889,1.72134e-06,1.72134e-06,3.70228e-06,4.90177e-06,better,better
sub05_k3_simple,2,benefit,0.05,0.05,False,0.135556,0.0733333,0.0733333,0.0897761,0.0897761,0.100695,0.107731,ns,ns
sub05_k3_simple,3,risk,0.3,0.3,False,3.50444,3.55333,3.55333,1.71593e-06,1.71593e-06,3.70228e-06,4.90177e-06,better,better
sub05_k3_simple,3,benefit,0.05,0,True,-2.00444,-2.03111,0,1.68693e-06,,3.0571e-06,,worse,ns
sub05_k3_simple,4,risk,0.3,0.3,False,6.10444,6.22444,6.22444,1.73004e-06,1.73004e-06,3.70228e-06,4.90177e-06,better,better
sub05_k3_simple,4,benefit,0.05,0,True,-0.471111,-0.52,0,7.60935e-06,,1.12781e-05,,worse,ns
sub05_k5_constrained,1,risk,0.05,0,True,-0.00222222,0,0,,,,,ns,ns
sub05_k5_constrained,2,risk,0.3,0.3,False,0.0511111,0.0311111,0.0311111,0.0831229,0.0831229,0.0999343,0.100935,ns,ns
sub05_k5_constrained,2,benefit,0.05,0,True,-0.0422222,-0.0444444,0,0.00159552,,0.00189183,,worse,ns
sub05_k5_constrained,3,risk,0.05,0.05,False,0.00222222,-0.00222222,-0.00222222,0.683091,0.683091,0.702796,0.703791,ns,ns
sub05_k5_constrained,3,benefit,0.05,0,True,-0.135556,-0.131111,0,1.08788e-05,,1.55679e-05,,worse,ns
sub05_k5_constrained,4,risk,0.2,0.2,False,0.0177778,-0.00666667,-0.00666667,0.672212,0.672212,0.698317,0.703791,ns,ns
sub05_k5_constrained,4,benefit,0.05,0,True,-0.135556,-0.131111,0,7.75672e-06,,1.12949e-05,,worse,ns
sub05_k5_simple,1,risk,0.05,0,True,-0.02,-0.0133333,0,0.0243579,,0.0314012,,worse,ns
sub05_k5_simple,2,risk,0.1,0.1,False,0.0511111,0.0622222,0.0622222,0.00072303,0.00072303,0.00104546,0.00117062,better,better
sub05_k5_simple,2,benefit,0.05,0,True,-0.0666667,-0.0622222,0,0.000601525,,0.000723574,,worse,ns
sub05_k5_simple,3,risk,0.05,0,True,-0.0311111,-0.00888889,0,0.709134,,0.722642,,ns,ns
sub05_k5_simple,3,benefit,0.05,0,True,-0.202222,-0.224444,0,1.67948e-06,,3.0571e-06,,worse,ns
sub05_k5_simple,4,risk,0.05,0,True,-0.0133333,0.0111111,0,0.584775,,0.613441,,ns,ns
sub05_k5_simple,4,benefit,0.05,0,True,-0.2,-0.228889,0,2.44792e-06,,4.06355e-06,,worse,ns
sub09_k3_constrained,1,risk,0.05,0,True,-0.306667,-0.377778,0,1.66256e-06,,3.70228e-06,,worse,ns
sub09_k3_constrained,2,risk,0.05,0.05,False,0.473333,0.377778,0.377778,1.0824e-05,1.0824e-05,2.03188e-05,2.8309e-05,better,better
sub09_k3_constrained,2,benefit,0.05,0.05,False,0.382222,0.36,0.36,2.6699e-05,2.6699e-05,3.57423e-05,3.43273e-05,better,better
sub09_k3_constrained,3,risk,0.05,0,True,-0.353333,-0.431111,0,2.46401e-05,,4.05614e-05,,worse,ns
sub09_k3_constrained,3,benefit,0.05,0,True,-0.608889,-0.488889,0,2.10306e-06,,3.56232e-06,,worse,ns
sub09_k3_constrained,4,risk,0.05,0.05,False,0.526667,0.473333,0.473333,2.0199e-05,2.0199e-05,3.47336e-05,4.34576e-05,better,better
sub09_k3_constrained,4,benefit,0.05,0.05,False,0.48,0.535556,0.535556,4.46574e-06,4.46574e-06,6.864e-06,7.30757e-06,better,better
sub09_k3_simple,1,risk,0.05,0,True,-0.364444,-0.373333,0,1.68374e-06,,3.70228e-06,,worse,ns
sub09_k3_simple,2,risk,0.3,0.3,False,2.61111,2.71556,2.71556,1.72677e-06,1.72677e-06,3.70228e-06,4.90177e-06,better,better
sub09_k3_simple,2,benefit,0.3,0.3,False,2.66,2.72,2.72,1.72677e-06,1.72677e-06,3.0571e-06,3.11603e-06,better,better
sub09_k3_simple,3,risk,0.05,0,True,-0.453333,-0.493333,0,3.68418e-06,,7.30013e-06,,worse,ns
sub09_k3_simple,3,benefit,0.05,0,True,-0.52,-0.606667,0,1.70729e-06,,3.0571e-06,,worse,ns
sub09_k3_simple,4,risk,0.3,0.3,False,3.07556,3.13111,3.13111,1.73004e-06,1.73004e-06,3.70228e-06,4.90177e-06,better,better
sub09_k3_simple,4,benefit,0.3,0.3,False,3.08667,3.18889,3.18889,1.73004e-06,1.73004e-06,3.0571e-06,3.11603e-06,better,better
sub09_k5_constrained,1,risk,0.05,0,True,-0.0311111,-0.0244444,0,0.0106132,,0.0143748,,worse,ns
sub09_k5_constrained,2,risk,0.3,0.3,False,0.237778,0.166667,0.166667,0.000266055,0.000266055,0.000395387,0.000452293,better,better
sub09_k5_constrained,2,benefit,0.05,0,True,-0.144444,-0.108889,0,0.000138789,,0.000169404,,worse,ns
sub09_k5_constrained,3,risk,0.05,0,True,-0.0733333,-0.0866667,0,0.000871821,,0.0012438,,worse,ns
sub09_k5_constrained,3,benefit,0.05,0,True,-0.426667,-0.453333,0,1.69227e-06,,3.0571e-06,,worse,ns
sub09_k5_constrained,4,risk,0.1,0,True,-0.0155556,-0.08,0,0.0205361,,0.0271279,,worse,ns
sub09_k5_constrained,4,benefit,0.05,0,True,-0.397778,-0.455556,0,1.67842e-06,,3.0571e-06,,worse,ns
sub09_k5_simple,1,risk,0.05,0,True,-0.0311111,-0.0288889,0,0.003027,,0.00415243,,worse,ns
sub09_k5_simple,2,risk,0.1,0.1,False,0.193333,0.208889,0.208889,1.99224e-05,1.99224e-05,3.47336e-05,4.34576e-05,better,better
sub09_k5_simple,2,benefit,0.05,0,True,-0.377778,-0.375556,0,1.68907e-06,,3.0571e-06,,worse,ns
sub09_k5_simple,3,risk,0.05,0.05,False,0.0377778,0.06,0.06,0.024035,0.024035,0.0313627,0.0340496,better,better
sub09_k5_simple,3,benefit,0.05,0,True,-1.20444,-1.21556,0,1.70514e-06,,3.0571e-06,,worse,ns
sub09_k5_simple,4,risk,0.05,0.05,False,0.111111,0.124444,0.124444,0.000255526,0.000255526,0.000385088,0.000452293,better,better
sub09_k5_simple,4,benefit,0.05,0,True,-1.20889,-1.20667,0,1.70407e-06,,3.0571e-06,,worse,ns
sub12_k3_constrained,1,risk,0.05,0,True,-0.817778,-0.893333,0,1.6848e-06,,3.70228e-06,,worse,ns
sub12_k3_constrained,2,risk,0.05,0,True,-0.435556,-0.5,0,3.43054e-06,,6.92581e-06,,worse,ns
sub12_k3_constrained,2,benefit,0.05,0,True,-0.442222,-0.404444,0,4.37796e-06,,6.85606e-06,,worse,ns
sub12_k3_constrained,3,risk,0.05,0,True,-1.60667,-1.57778,0,1.71053e-06,,3.70228e-06,,worse,ns
sub12_k3_constrained,3,benefit,0.05,0,True,-1.68,-1.54889,0,1.71593e-06,,3.0571e-06,,worse,ns
sub12_k3_constrained,4,risk,0.05,0,True,-0.944444,-0.991111,0,1.71593e-06,,3.70228e-06,,worse,ns
sub12_k3_constrained,4,benefit,0.05,0,True,-0.857778,-0.977778,0,1.69977e-06,,3.0571e-06,,worse,ns
sub12_k3_simple,1,risk,0.05,0,True,-0.868889,-0.906667,0,1.69334e-06,,3.70228e-06,,worse,ns
sub12_k3_simple,2,risk,0.05,0,True,-0.624444,-0.675556,0,1.6848e-06,,3.70228e-06,,worse,ns
sub12_k3_simple,2,benefit,0.05,0,True,-0.348889,-0.335556,0,9.303e-05,,0.000116992,,worse,ns
sub12_k3_simple,3,risk,0.05,0,True,-1.79556,-1.74222,0,1.71918e-06,,3.70228e-06,,worse,ns
sub12_k3_simple,3,benefit,0.05,0,True,-1.71556,-1.75556,0,1.70622e-06,,3.0571e-06,,worse,ns
sub12_k3_simple,4,risk,0.05,0,True,-1.36444,-1.30444,0,1.71701e-06,,3.70228e-06,,worse,ns
sub12_k3_simple,4,benefit,0.05,0,True,-0.742222,-0.731111,0,1.72243e-06,,3.0571e-06,,worse,ns
sub12_k5_constrained,1,risk,0.05,0,True,-0.12,-0.115556,0,1.72508e-05,,3.12854e-05,,worse,ns
sub12_k5_constrained,2,risk,0.3,0.3,False,0.0777778,-0.0422222,-0.0422222,0.360558,0.360558,0.385797,0.39545,ns,ns
sub12_k5_constrained,2,benefit,0.05,0,True,-0.257778,-0.235556,0,4.07932e-06,,6.51123e-06,,worse,ns
sub12_k5_constrained,3,risk,0.05,0,True,-0.242222,-0.264444,0,4.63599e-06,,9.0191e-06,,worse,ns
sub12_k5_constrained,3,benefit,0.05,0,True,-1.00444,-1.02,0,1.71377e-06,,3.0571e-06,,worse,ns
sub12_k5_constrained,4,risk,0.05,0,True,-0.151111,-0.186667,0,1.99783e-05,,3.47336e-05,,worse,ns
sub12_k5_constrained,4,benefit,0.05,0,True,-0.922222,-0.922222,0,1.70945e-06,,3.0571e-06,,worse,ns
sub12_k5_simple,1,risk,0.05,0,True,-0.113333,-0.106667,0,1.58089e-05,,2.91646e-05,,worse,ns
sub12_k5_simple,2,risk,0.1,0.1,False,0.717778,0.633333,0.633333,1.69548e-06,1.69548e-06,3.70228e-06,4.90177e-06,better,better
sub12_k5_simple,2,benefit,0.05,0,True,-0.137778,-0.195556,0,0.000104894,,0.000129944,,worse,ns
sub12_k5_simple,3,risk,0.05,0.05,False,0.133333,0.166667,0.166667,0.00160989,0.00160989,0.00223712,0.00237984,better,better
sub12_k5_simple,3,benefit,0.05,0,True,-1.84,-1.84444,0,1.69548e-06,,3.0571e-06,,worse,ns
sub12_k5_simple,4,risk,0.1,0.1,False,0.54,0.415556,0.415556,2.04506e-05,2.04506e-05,3.47336e-05,4.34576e-05,better,better
sub12_k5_simple,4,benefit,0.05,0,True,-0.248889,-0.297778,0,7.50414e-05,,9.58221e-05,,worse,ns
sub15_k3_constrained,1,risk,0.05,0,True,-0.968889,-0.991111,0,1.69441e-06,,3.70228e-06,,worse,ns
sub15_k3_constrained,2,risk,0.05,0,True,-0.824444,-0.833333,0,1.69227e-06,,3.70228e-06,,worse,ns
sub15_k3_constrained,2,benefit,0.05,0,True,-0.784444,-0.764444,0,1.6594e-06,,3.0571e-06,,worse,ns
sub15_k3_constrained,3,risk,0.05,0,True,-1.63111,-1.67556,0,1.71593e-06,,3.70228e-06,,worse,ns
sub15_k3_constrained,3,benefit,0.05,0,True,-1.64667,-1.66222,0,1.70299e-06,,3.0571e-06,,worse,ns
sub15_k3_constrained,4,risk,0.05,0,True,-1.38667,-1.42222,0,1.70622e-06,,3.70228e-06,,worse,ns
sub15_k3_constrained,4,benefit,0.05,0,True,-1.37111,-1.4,0,1.71918e-06,,3.0571e-06,,worse,ns
sub15_k3_simple,1,risk,0.05,0,True,-0.984444,-0.997778,0,1.64577e-06,,3.70228e-06,,worse,ns
sub15_k3_simple,2,risk,0.05,0,True,-0.92,-0.942222,0,1.71593e-06,,3.70228e-06,,worse,ns
sub15_k3_simple,2,benefit,0.05,0,True,-0.633333,-0.622222,0,1.70729e-06,,3.0571e-06,,worse,ns
sub15_k3_simple,3,risk,0.05,0,True,-1.7,-1.81556,0,1.70729e-06,,3.70228e-06,,worse,ns
sub15_k3_simple,3,benefit,0.05,0,True,-1.70222,-1.68667,0,1.70084e-06,,3.0571e-06,,worse,ns
sub15_k3_simple,4,risk,0.05,0,True,-1.54,-1.70222,0,1.68693e-06,,3.70228e-06,,worse,ns
sub15_k3_simple,4,benefit,0.05,0,True,-0.746667,-0.766667,0,1.71701e-06,,3.0571e-06,,worse,ns
sub15_k5_constrained,1,risk,0.05,0,True,-0.257778,-0.335556,0,2.39198e-06,,4.92195e-06,,worse,ns
sub15_k5_constrained,2,risk,0.2,0.2,False,0.157778,0.0955556,0.0955556,0.0638242,0.0638242,0.0784964,0.0834624,ns,ns
sub15_k5_constrained,2,benefit,0.05,0,True,-0.288889,-0.328889,0,2.73669e-06,,4.45383e-06,,worse,ns
sub15_k5_constrained,3,risk,0.05,0,True,-0.522222,-0.597778,0,1.89352e-06,,3.97267e-06,,worse,ns
sub15_k5_constrained,3,benefit,0.05,0,True,-1.63333,-1.59333,0,1.70945e-06,,3.0571e-06,,worse,ns
sub15_k5_constrained,4,risk,0.05,0,True,-0.313333,-0.426667,0,4.84542e-06,,9.25821e-06,,worse,ns
sub15_k5_constrained,4,benefit,0.05,0,True,-0.68,-0.76,0,1.69441e-06,,3.0571e-06,,worse,ns
sub15_k5_simple,1,risk,0.05,0,True,-0.295556,-0.331111,0,1.69013e-06,,3.70228e-06,,worse,ns
sub15_k5_simple,2,risk,0.1,0.1,False,1.11778,0.793333,0.793333,1.7246e-06,1.7246e-06,3.70228e-06,4.90177e-06,better,better
sub15_k5_simple,2,benefit,0.1,0.1,False,0.686667,0.528889,0.528889,1.1618e-05,1.1618e-05,1.6344e-05,1.60864e-05,better,better
sub15_k5_simple,3,risk,0.05,0,True,-0.0288889,-0.0688889,0,0.159979,,0.188108,,ns,ns
sub15_k5_simple,3,benefit,0.05,0,True,-0.653333,-0.693333,0,1.71485e-06,,3.0571e-06,,worse,ns
sub15_k5_simple,4,risk,0.1,0.1,False,0.973333,0.377778,0.377778,0.000896624,0.000896624,0.00126235,0.00138569,better,better
sub15_k5_simple,4,benefit,0.1,0.1,False,0.24,-0.16,-0.16,0.232386,0.232386,0.241101,0.261434,ns,ns
sub18_k3_constrained,1,risk,0.05,0,True,-0.562222,-0.62,0,1.69334e-06,,3.70228e-06,,worse,ns
sub18_k3_constrained,2,risk,0.3,0.3,False,0.326667,0.122222,0.122222,0.22152,0.22152,0.249501,0.251056,ns,ns
sub18_k3_constrained,2,benefit,0.3,0.3,False,1.44667,1.37778,1.37778,1.71809e-06,1.71809e-06,3.0571e-06,3.11603e-06,better,better
sub18_k3_constrained,3,risk,0.05,0,True,-0.862222,-0.884444,0,1.69441e-06,,3.70228e-06,,worse,ns
sub18_k3_constrained,3,benefit,0.05,0,True,-0.895556,-0.935556,0,1.68693e-06,,3.0571e-06,,worse,ns
sub18_k3_constrained,4,risk,0.3,0.3,False,2.6,2.49778,2.49778,1.72677e-06,1.72677e-06,3.70228e-06,4.90177e-06,better,better
sub18_k3_constrained,4,benefit,0.3,0.3,False,5.1,4.68889,4.68889,1.72351e-06,1.72351e-06,3.0571e-06,3.11603e-06,better,better
sub18_k3_simple,1,risk,0.05,0,True,-0.608889,-0.622222,0,1.688e-06,,3.70228e-06,,worse,ns
sub18_k3_simple,2,risk,0.05,0,True,-0.591111,-0.608889,0,1.67312e-06,,3.70228e-06,,worse,ns
sub18_k3_simple,2,benefit,0.3,0.3,False,4.47556,4.60222,4.60222,1.72786e-06,1.72786e-06,3.0571e-06,3.11603e-06,better,better
sub18_k3_simple,3,risk,0.05,0,True,-0.931111,-0.971111,0,1.70299e-06,,3.70228e-06,,worse,ns
sub18_k3_simple,3,benefit,0.05,0,True,-0.833333,-0.913333,0,1.71377e-06,,3.0571e-06,,worse,ns
sub18_k3_simple,4,risk,0.05,0,True,-0.866667,-0.937778,0,1.70945e-06,,3.70228e-06,,worse,ns
sub18_k3_simple,4,benefit,0.3,0.3,False,9.32889,9.63556,9.63556,1.73113e-06,1.73113e-06,3.0571e-06,3.11603e-06,better,better
sub18_k5_constrained,1,risk,0.05,0,True,-0.566667,-0.631111,0,1.66256e-06,,3.70228e-06,,worse,ns
sub18_k5_constrained,2,risk,0.2,0.2,False,0.415556,0.193333,0.193333,0.057014,0.057014,0.070936,0.077539,ns,ns
sub18_k5_constrained,2,benefit,0.2,0.2,False,0.355556,0.0777778,0.0777778,0.416107,0.416107,0.421181,0.440583,ns,ns
sub18_k5_constrained,3,risk,0.05,0,True,-0.762222,-0.92,0,1.72243e-06,,3.70228e-06,,worse,ns
sub18_k5_constrained,3,benefit,0.05,0,True,-0.877778,-0.955556,0,1.69548e-06,,3.0571e-06,,worse,ns
sub18_k5_constrained,4,risk,0.05,0,True,-0.253333,-0.437778,0,9.03396e-05,,0.000142152,,worse,ns
sub18_k5_constrained,4,benefit,0.05,0,True,-0.293333,-0.413333,0,3.76399e-05,,4.95891e-05,,worse,ns
sub18_k5_simple,1,risk,0.05,0,True,-0.64,-0.697778,0,1.69441e-06,,3.70228e-06,,worse,ns
sub18_k5_simple,2,risk,0.05,0.05,False,0.0644444,0.113333,0.113333,0.0728196,0.0728196,0.088542,0.0916987,ns,ns
sub18_k5_simple,2,benefit,0.05,0,True,-0.0111111,0.0911111,0,0.132283,,0.144467,,ns,ns
sub18_k5_simple,3,risk,0.05,0,True,-1.01556,-0.966667,0,1.70729e-06,,3.70228e-06,,worse,ns
sub18_k5_simple,3,benefit,0.05,0,True,-1.22,-1.09778,0,1.71161e-06,,3.0571e-06,,worse,ns
sub18_k5_simple,4,risk,0.05,0,True,-0.1,-0.14,0,0.205516,,0.233939,,ns,ns
sub18_k5_simple,4,benefit,0.05,0,True,-0.197778,-0.131111,0,0.123971,,0.137194,,ns,ns
sub20_k3_constrained,1,risk,0.05,0,True,-0.304444,-0.335556,0,1.651e-06,,3.70228e-06,,worse,ns
sub20_k3_constrained,2,risk,0.3,0.3,False,0.584444,0.544444,0.544444,3.85581e-05,3.85581e-05,6.25109e-05,7.71163e-05,better,better
sub20_k3_constrained,2,benefit,0.3,0.3,False,1.59778,1.74889,1.74889,1.71161e-06,1.71161e-06,3.0571e-06,3.11603e-06,better,better
sub20_k3_constrained,3,risk,0.3,0,True,-0.268889,-0.282222,0,0.0195129,,0.0260985,,worse,ns
sub20_k3_constrained,3,benefit,0.05,0,True,-0.322222,-0.386667,0,1.69334e-06,,3.0571e-06,,worse,ns
sub20_k3_constrained,4,risk,0.3,0.3,False,3.18889,3.35556,3.35556,1.72895e-06,1.72895e-06,3.70228e-06,4.90177e-06,better,better
sub20_k3_constrained,4,benefit,0.3,0.3,False,5.32667,5.60444,5.60444,1.72134e-06,1.72134e-06,3.0571e-06,3.11603e-06,better,better
sub20_k3_simple,1,risk,0.05,0,True,-0.337778,-0.32,0,1.66678e-06,,3.70228e-06,,worse,ns
sub20_k3_simple,2,risk,0.05,0,True,-0.333333,-0.311111,0,1.671e-06,,3.70228e-06,,worse,ns
sub20_k3_simple,2,benefit,0.3,0.3,False,2.96,3.08,3.08,1.72026e-06,1.72026e-06,3.0571e-06,3.11603e-06,better,better
sub20_k3_simple,3,risk,0.05,0,True,-0.477778,-0.464444,0,1.66572e-06,,3.70228e-06,,worse,ns
sub20_k3_simple,3,benefit,0.05,0,True,-0.346667,-0.466667,0,1.61983e-06,,3.0571e-06,,worse,ns
sub20_k3_simple,4,risk,0.05,0,True,-0.448889,-0.444444,0,1.62706e-06,,3.70228e-06,,worse,ns
sub20_k3_simple,4,benefit,0.3,0.3,False,7.18667,7.37333,7.37333,1.73004e-06,1.73004e-06,3.0571e-06,3.11603e-06,better,better
sub20_k5_constrained,1,risk,0.05,0,True,-0.893333,-0.831111,0,1.72026e-06,,3.70228e-06,,worse,ns
sub20_k5_constrained,2,risk,0.2,0.2,False,0.128889,0.0177778,0.0177778,0.990907,0.990907,0.990907,0.990907,ns,ns
sub20_k5_constrained,2,benefit,0.05,0.05,False,0.0888889,-0.0266667,-0.0266667,0.62174,0.62174,0.62174,0.62174,ns,ns
sub20_k5_constrained,3,risk,0.05,0,True,-1.08444,-1.08444,0,1.72569e-06,,3.70228e-06,,worse,ns
sub20_k5_constrained,3,benefit,0.05,0,True,-1.03333,-1.08889,0,1.70837e-06,,3.0571e-06,,worse,ns
sub20_k5_constrained,4,risk,0.05,0,True,-0.4,-0.3,0,0.000254659,,0.000385088,,worse,ns
sub20_k5_constrained,4,benefit,0.05,0,True,-0.42,-0.246667,0,0.00297194,,0.00347423,,worse,ns
sub20_k5_simple,1,risk,0.05,0,True,-0.955556,-0.844444,0,1.71161e-06,,3.70228e-06,,worse,ns
sub20_k5_simple,2,risk,0.05,0,True,-0.435556,-0.371111,0,2.21442e-05,,3.70223e-05,,worse,ns
sub20_k5_simple,2,benefit,0.05,0,True,-0.411111,-0.344444,0,1.4313e-05,,1.97997e-05,,worse,ns
sub20_k5_simple,3,risk,0.05,0,True,-1.60444,-1.46444,0,1.72243e-06,,3.70228e-06,,worse,ns
sub20_k5_simple,3,benefit,0.05,0,True,-1.62222,-1.42667,0,1.72134e-06,,3.0571e-06,,worse,ns
sub20_k5_simple,4,risk,0.05,0,True,-0.964444,-0.773333,0,1.72026e-06,,3.70228e-06,,worse,ns
sub20_k5_simple,4,benefit,0.05,0,True,-0.931111,-0.742222,0,1.89352e-06,,3.27421e-06,,worse,ns
