key,model,regime,n,frac_total,class_prevalence,is_degenerate,auroc,pr_auc,f1,precision,recall,accuracy,ece,brier,min_class_n
sub01_k5_simple,xgboost,under_failure,1500,1.000000,0.000000,True,,,0.000000,0.000000,0.000000,1.000000,0.000134,0.000012,0.000000
sub01_k5_simple,xgboost,informative,0,0.000000,,True,,,,,,,,,
sub01_k5_simple,xgboost,saturated,0,0.000000,,True,,,,,,,,,
sub01_k5_simple,xgboost,aggregate,1500,1.000000,0.000000,True,,,0.000000,0.000000,0.000000,1.000000,0.000134,0.000012,0.000000
sub01_k5_simple,random_forest,under_failure,1500,1.000000,0.000000,True,,,0.000000,0.000000,0.000000,1.000000,0.000135,0.000012,0.000000
sub01_k5_simple,random_forest,informative,0,0.000000,,True,,,,,,,,,
sub01_k5_simple,random_forest,saturated,0,0.000000,,True,,,,,,,,,
sub01_k5_simple,random_forest,aggregate,1500,1.000000,0.000000,True,,,0.000000,0.000000,0.000000,1.000000,0.000135,0.000012,0.000000
sub01_k5_simple,logistic_regression,under_failure,1500,1.000000,0.000000,True,,,0.000000,0.000000,0.000000,1.000000,0.000356,0.000012,0.000000
sub01_k5_simple,logistic_regression,informative,0,0.000000,,True,,,,,,,,,
sub01_k5_simple,logistic_regression,saturated,0,0.000000,,True,,,,,,,,,
sub01_k5_simple,logistic_regression,aggregate,1500,1.000000,0.000000,True,,,0.000000,0.000000,0.000000,1.000000,0.000356,0.000012,0.000000
sub01_k5_constrained,xgboost,under_failure,1500,1.000000,0.000000,True,,,0.000000,0.000000,0.000000,1.000000,0.000000,0.000006,0.000000
sub01_k5_constrained,xgboost,informative,0,0.000000,,True,,,,,,,,,
sub01_k5_constrained,xgboost,saturated,0,0.000000,,True,,,,,,,,,
sub01_k5_constrained,xgboost,aggregate,1500,1.000000,0.000000,True,,,0.000000,0.000000,0.000000,1.000000,0.000000,0.000006,0.000000
sub01_k5_constrained,random_forest,under_failure,1500,1.000000,0.000000,True,,,0.000000,0.000000,0.000000,1.000000,0.000004,0.000006,0.000000
sub01_k5_constrained,random_forest,informative,0,0.000000,,True,,,,,,,,,
sub01_k5_constrained,random_forest,saturated,0,0.000000,,True,,,,,,,,,
sub01_k5_constrained,random_forest,aggregate,1500,1.000000,0.000000,True,,,0.000000,0.000000,0.000000,1.000000,0.000004,0.000006,0.000000
sub01_k5_constrained,logistic_regression,under_failure,1500,1.000000,0.000000,True,,,0.000000,0.000000,0.000000,1.000000,0.000133,0.000006,0.000000
sub01_k5_constrained,logistic_regression,informative,0,0.000000,,True,,,,,,,,,
sub01_k5_constrained,logistic_regression,saturated,0,0.000000,,True,,,,,,,,,
sub01_k5_constrained,logistic_regression,aggregate,1500,1.000000,0.000000,True,,,0.000000,0.000000,0.000000,1.000000,0.000133,0.000006,0.000000
sub01_k3_simple,xgboost,under_failure,1500,1.000000,0.000000,True,,,0.000000,0.000000,0.000000,1.000000,0.000061,0.000423,0.000000
sub01_k3_simple,xgboost,informative,0,0.000000,,True,,,,,,,,,
sub01_k3_simple,xgboost,saturated,0,0.000000,,True,,,,,,,,,
sub01_k3_simple,xgboost,aggregate,1500,1.000000,0.000000,True,,,0.000000,0.000000,0.000000,1.000000,0.000061,0.000423,0.000000
sub01_k3_simple,random_forest,under_failure,1500,1.000000,0.000000,True,,,0.000000,0.000000,0.000000,1.000000,0.000113,0.000411,0.000000
sub01_k3_simple,random_forest,informative,0,0.000000,,True,,,,,,,,,
sub01_k3_simple,random_forest,saturated,0,0.000000,,True,,,,,,,,,
sub01_k3_simple,random_forest,aggregate,1500,1.000000,0.000000,True,,,0.000000,0.000000,0.000000,1.000000,0.000113,0.000411,0.000000
sub01_k3_simple,logistic_regression,under_failure,1500,1.000000,0.000000,True,,,0.000000,0.000000,0.000000,1.000000,0.011978,0.000617,0.000000
sub01_k3_simple,logistic_regression,informative,0,0.000000,,True,,,,,,,,,
sub01_k3_simple,logistic_regression,saturated,0,0.000000,,True,,,,,,,,,
sub01_k3_simple,logistic_regression,aggregate,1500,1.000000,0.000000,True,,,0.000000,0.000000,0.000000,1.000000,0.011978,0.000617,0.000000
sub01_k3_constrained,xgboost,under_failure,1500,1.000000,0.000000,True,,,0.000000,0.000000,0.000000,1.000000,0.000026,0.000050,0.000000
sub01_k3_constrained,xgboost,informative,0,0.000000,,True,,,,,,,,,
sub01_k3_constrained,xgboost,saturated,0,0.000000,,True,,,,,,,,,
sub01_k3_constrained,xgboost,aggregate,1500,1.000000,0.000000,True,,,0.000000,0.000000,0.000000,1.000000,0.000026,0.000050,0.000000
sub01_k3_constrained,random_forest,under_failure,1500,1.000000,0.000000,True,,,0.000000,0.000000,0.000000,1.000000,0.000005,0.000043,0.000000
sub01_k3_constrained,random_forest,informative,0,0.000000,,True,,,,,,,,,
sub01_k3_constrained,random_forest,saturated,0,0.000000,,True,,,,,,,,,
sub01_k3_constrained,random_forest,aggregate,1500,1.000000,0.000000,True,,,0.000000,0.000000,0.000000,1.000000,0.000005,0.000043,0.000000
sub01_k3_constrained,logistic_regression,under_failure,1500,1.000000,0.000000,True,,,0.000000,0.000000,0.000000,1.000000,0.001356,0.000057,0.000000
sub01_k3_constrained,logistic_regression,informative,0,0.000000,,True,,,,,,,,,
sub01_k3_constrained,logistic_regression,saturated,0,0.000000,,True,,,,,,,,,
sub01_k3_constrained,logistic_regression,aggregate,1500,1.000000,0.000000,True,,,0.000000,0.000000,0.000000,1.000000,0.001356,0.000057,0.000000
sub05_k5_simple,xgboost,under_failure,1500,1.000000,0.000000,True,,,0.000000,0.000000,0.000000,1.000000,0.000270,0.000174,0.000000
sub05_k5_simple,xgboost,informative,0,0.000000,,True,,,,,,,,,
sub05_k5_simple,xgboost,saturated,0,0.000000,,True,,,,,,,,,
sub05_k5_simple,xgboost,aggregate,1500,1.000000,0.000000,True,,,0.000000,0.000000,0.000000,1.000000,0.000270,0.000174,0.000000
sub05_k5_simple,random_forest,under_failure,1500,1.000000,0.000000,True,,,0.000000,0.000000,0.000000,1.000000,0.000074,0.000170,0.000000
sub05_k5_simple,random_forest,informative,0,0.000000,,True,,,,,,,,,
sub05_k5_simple,random_forest,saturated,0,0.000000,,True,,,,,,,,,
sub05_k5_simple,random_forest,aggregate,1500,1.000000,0.000000,True,,,0.000000,0.000000,0.000000,1.000000,0.000074,0.000170,0.000000
sub05_k5_simple,logistic_regression,under_failure,1500,1.000000,0.000000,True,,,0.000000,0.000000,0.000000,1.000000,0.005289,0.000228,0.000000
sub05_k5_simple,logistic_regression,informative,0,0.000000,,True,,,,,,,,,
sub05_k5_simple,logistic_regression,saturated,0,0.000000,,True,,,,,,,,,
sub05_k5_simple,logistic_regression,aggregate,1500,1.000000,0.000000,True,,,0.000000,0.000000,0.000000,1.000000,0.005289,0.000228,0.000000
sub05_k5_constrained,xgboost,under_failure,1500,1.000000,0.000000,True,,,0.000000,0.000000,0.000000,1.000000,0.000198,0.000073,0.000000
sub05_k5_constrained,xgboost,informative,0,0.000000,,True,,,,,,,,,
sub05_k5_constrained,xgboost,saturated,0,0.000000,,True,,,,,,,,,
sub05_k5_constrained,xgboost,aggregate,1500,1.000000,0.000000,True,,,0.000000,0.000000,0.000000,1.000000,0.000198,0.000073,0.000000
sub05_k5_constrained,random_forest,under_failure,1500,1.000000,0.000000,True,,,0.000000,0.000000,0.000000,1.000000,0.000220,0.000073,0.000000
sub05_k5_constrained,random_forest,informative,0,0.000000,,True,,,,,,,,,
sub05_k5_constrained,random_forest,saturated,0,0.000000,,True,,,,,,,,,
sub05_k5_constrained,random_forest,aggregate,1500,1.000000,0.000000,True,,,0.000000,0.000000,0.000000,1.000000,0.000220,0.000073,0.000000
sub05_k5_constrained,logistic_regression,under_failure,1500,1.000000,0.000000,True,,,0.000000,0.000000,0.000000,1.000000,0.001867,0.000079,0.000000
sub05_k5_constrained,logistic_regression,informative,0,0.000000,,True,,,,,,,,,
sub05_k5_constrained,logistic_regression,saturated,0,0.000000,,True,,,,,,,,,
sub05_k5_constrained,logistic_regression,aggregate,1500,1.000000,0.000000,True,,,0.000000,0.000000,0.000000,1.000000,0.001867,0.000079,0.000000
sub05_k3_simple,xgboost,under_failure,641,0.427333,0.000000,True,,,0.000000,0.000000,0.000000,1.000000,0.018016,0.002712,0.000000
sub05_k3_simple,xgboost,informative,859,0.572667,0.041909,False,0.915182,0.463395,0.000000,0.000000,0.000000,0.958091,0.021449,0.006615,36.000000
sub05_k3_simple,xgboost,saturated,0,0.000000,,True,,,,,,,,,
sub05_k3_simple,xgboost,aggregate,1500,1.000000,0.024000,False,0.951996,0.463299,0.000000,0.000000,0.000000,0.976000,0.006089,0.004947,36.000000
sub05_k3_simple,random_forest,under_failure,641,0.427333,0.000000,True,,,0.000000,0.000000,0.000000,1.000000,0.019572,0.002823,0.000000
sub05_k3_simple,random_forest,informative,859,0.572667,0.041909,False,0.927552,0.328574,0.105263,1.000000,0.055556,0.960419,0.017469,0.006520,36.000000
sub05_k3_simple,random_forest,saturated,0,0.000000,,True,,,,,,,,,
sub05_k3_simple,random_forest,aggregate,1500,1.000000,0.024000,False,0.959054,0.328329,0.105263,1.000000,0.055556,0.977333,0.003195,0.004940,36.000000
sub05_k3_simple,logistic_regression,under_failure,641,0.427333,0.000000,True,,,0.000000,0.000000,0.000000,0.897036,0.133944,0.065608,0.000000
sub05_k3_simple,logistic_regression,informative,859,0.572667,0.041909,False,0.910794,0.336785,0.283262,0.167513,0.916667,0.805588,0.224670,0.073351,36.000000
sub05_k3_simple,logistic_regression,saturated,0,0.000000,,True,,,,,,,,,
sub05_k3_simple,logistic_regression,aggregate,1500,1.000000,0.024000,False,0.932529,0.306673,0.220736,0.125475,0.916667,0.844667,0.172472,0.070042,36.000000
sub05_k3_constrained,xgboost,under_failure,1434,0.956000,0.000000,True,,,0.000000,0.000000,0.000000,1.000000,0.000757,0.000859,0.000000
sub05_k3_constrained,xgboost,informative,66,0.044000,0.075758,False,0.708197,0.179674,0.000000,0.000000,0.000000,0.924242,0.045258,0.010530,5.000000
sub05_k3_constrained,xgboost,saturated,0,0.000000,,True,,,,,,,,,
sub05_k3_constrained,xgboost,aggregate,1500,1.000000,0.003333,False,0.987960,0.179282,0.000000,0.000000,0.000000,0.996667,0.001971,0.001285,5.000000
sub05_k3_constrained,random_forest,under_failure,1434,0.956000,0.000000,True,,,0.000000,0.000000,0.000000,1.000000,0.001235,0.000864,0.000000
sub05_k3_constrained,random_forest,informative,66,0.044000,0.075758,False,0.762295,0.165223,0.000000,0.000000,0.000000,0.924242,0.036180,0.009405,5.000000
sub05_k3_constrained,random_forest,saturated,0,0.000000,,True,,,,,,,,,
sub05_k3_constrained,random_forest,aggregate,1500,1.000000,0.003333,False,0.990301,0.165223,0.000000,0.000000,0.000000,0.996667,0.002662,0.001240,5.000000
sub05_k3_constrained,logistic_regression,under_failure,1434,0.956000,0.000000,True,,,0.000000,0.000000,0.000000,0.997908,0.027368,0.003172,0.000000
sub05_k3_constrained,logistic_regression,informative,66,0.044000,0.075758,False,0.600000,0.113982,0.000000,0.000000,0.000000,0.878788,0.326946,0.120864,5.000000
sub05_k3_constrained,logistic_regression,saturated,0,0.000000,,True,,,,,,,,,
sub05_k3_constrained,logistic_regression,aggregate,1500,1.000000,0.003333,False,0.877191,0.032114,0.000000,0.000000,0.000000,0.992667,0.040550,0.008350,5.000000
sub09_k5_simple,xgboost,under_failure,1489,0.992667,0.000000,True,,,0.000000,0.000000,0.000000,1.000000,0.000794,0.000955,0.000000
sub09_k5_simple,xgboost,informative,11,0.007333,0.000000,True,,,0.000000,0.000000,0.000000,1.000000,0.109411,0.012888,0.000000
sub09_k5_simple,xgboost,saturated,0,0.000000,,True,,,,,,,,,
sub09_k5_simple,xgboost,aggregate,1500,1.000000,0.000000,True,,,0.000000,0.000000,0.000000,1.000000,0.000268,0.001043,0.000000
sub09_k5_simple,random_forest,under_failure,1489,0.992667,0.000000,True,,,0.000000,0.000000,0.000000,1.000000,0.000740,0.000930,0.000000
sub09_k5_simple,random_forest,informative,11,0.007333,0.000000,True,,,0.000000,0.000000,0.000000,1.000000,0.106898,0.011925,0.000000
sub09_k5_simple,random_forest,saturated,0,0.000000,,True,,,,,,,,,
sub09_k5_simple,random_forest,aggregate,1500,1.000000,0.000000,True,,,0.000000,0.000000,0.000000,1.000000,0.000050,0.001011,0.000000
sub09_k5_simple,logistic_regression,under_failure,1489,0.992667,0.000000,True,,,0.000000,0.000000,0.000000,1.000000,0.027889,0.001853,0.000000
sub09_k5_simple,logistic_regression,informative,11,0.007333,0.000000,True,,,0.000000,0.000000,0.000000,1.000000,0.176463,0.031689,0.000000
sub09_k5_simple,logistic_regression,saturated,0,0.000000,,True,,,,,,,,,
sub09_k5_simple,logistic_regression,aggregate,1500,1.000000,0.000000,True,,,0.000000,0.000000,0.000000,1.000000,0.028979,0.002072,0.000000
sub09_k5_constrained,xgboost,under_failure,1500,1.000000,0.000000,True,,,0.000000,0.000000,0.000000,1.000000,0.000803,0.000357,0.000000
sub09_k5_constrained,xgboost,informative,0,0.000000,,True,,,,,,,,,
sub09_k5_constrained,xgboost,saturated,0,0.000000,,True,,,,,,,,,
sub09_k5_constrained,xgboost,aggregate,1500,1.000000,0.000000,True,,,0.000000,0.000000,0.000000,1.000000,0.000803,0.000357,0.000000
sub09_k5_constrained,random_forest,under_failure,1500,1.000000,0.000000,True,,,0.000000,0.000000,0.000000,1.000000,0.000981,0.000360,0.000000
sub09_k5_constrained,random_forest,informative,0,0.000000,,True,,,,,,,,,
sub09_k5_constrained,random_forest,saturated,0,0.000000,,True,,,,,,,,,
sub09_k5_constrained,random_forest,aggregate,1500,1.000000,0.000000,True,,,0.000000,0.000000,0.000000,1.000000,0.000981,0.000360,0.000000
sub09_k5_constrained,logistic_regression,under_failure,1500,1.000000,0.000000,True,,,0.000000,0.000000,0.000000,1.000000,0.011156,0.000597,0.000000
sub09_k5_constrained,logistic_regression,informative,0,0.000000,,True,,,,,,,,,
sub09_k5_constrained,logistic_regression,saturated,0,0.000000,,True,,,,,,,,,
sub09_k5_constrained,logistic_regression,aggregate,1500,1.000000,0.000000,True,,,0.000000,0.000000,0.000000,1.000000,0.011156,0.000597,0.000000
sub09_k3_simple,xgboost,under_failure,478,0.318667,0.000000,True,,,0.000000,0.000000,0.000000,1.000000,0.012183,0.002145,0.000000
sub09_k3_simple,xgboost,informative,874,0.582667,0.930206,False,0.971690,0.997564,0.983527,0.975787,0.991390,0.969108,0.019275,0.006468,61.000000
sub09_k3_simple,xgboost,saturated,148,0.098667,1.000000,True,,,1.000000,1.000000,1.000000,1.000000,0.086597,0.010411,0.000000
sub09_k3_simple,xgboost,aggregate,1500,1.000000,0.640667,False,0.997276,0.998292,0.986047,0.979466,0.992716,0.982000,0.004770,0.005479,539.000000
sub09_k3_simple,random_forest,under_failure,478,0.318667,0.000000,True,,,0.000000,0.000000,0.000000,1.000000,0.011316,0.001790,0.000000
sub09_k3_simple,random_forest,informative,874,0.582667,0.930206,False,0.974623,0.997583,0.982927,0.974607,0.991390,0.967963,0.019791,0.006498,61.000000
sub09_k3_simple,random_forest,saturated,148,0.098667,1.000000,True,,,1.000000,1.000000,1.000000,1.000000,0.077015,0.009116,0.000000
sub09_k3_simple,random_forest,aggregate,1500,1.000000,0.640667,False,0.997567,0.998288,0.985537,0.978462,0.992716,0.981333,0.005126,0.005256,539.000000
sub09_k3_simple,logistic_regression,under_failure,478,0.318667,0.000000,True,,,0.000000,0.000000,0.000000,0.663180,0.305823,0.147265,0.000000
sub09_k3_simple,logistic_regression,informative,874,0.582667,0.930206,False,0.757889,0.967939,0.928844,0.960578,0.899139,0.871854,0.179497,0.059746,61.000000
sub09_k3_simple,logistic_regression,saturated,148,0.098667,1.000000,True,,,0.982818,1.000000,0.966216,0.966216,0.107463,0.024775,0.000000
sub09_k3_simple,logistic_regression,aggregate,1500,1.000000,0.640667,False,0.881959,0.924161,0.862784,0.820657,0.909469,0.814667,0.139636,0.084185,539.000000
sub09_k3_constrained,xgboost,under_failure,1295,0.863333,0.000000,True,,,0.000000,0.000000,0.000000,1.000000,0.009836,0.001607,0.000000
sub09_k3_constrained,xgboost,informative,186,0.124000,0.279570,False,1.000000,1.000000,1.000000,1.000000,1.000000,1.000000,0.086485,0.009699,52.000000
sub09_k3_constrained,xgboost,saturated,19,0.012667,1.000000,True,,,1.000000,1.000000,1.000000,1.000000,0.074563,0.010053,0.000000
sub09_k3_constrained,xgboost,aggregate,1500,1.000000,0.047333,False,1.000000,1.000000,1.000000,1.000000,1.000000,1.000000,0.002767,0.002718,71.000000
sub09_k3_constrained,random_forest,under_failure,1295,0.863333,0.000000,True,,,0.000000,0.000000,0.000000,1.000000,0.009719,0.001607,0.000000
sub09_k3_constrained,random_forest,informative,186,0.124000,0.279570,False,1.000000,1.000000,1.000000,1.000000,1.000000,1.000000,0.090173,0.010139,52.000000
sub09_k3_constrained,random_forest,saturated,19,0.012667,1.000000,True,,,1.000000,1.000000,1.000000,1.000000,0.057100,0.005199,0.000000
sub09_k3_constrained,random_forest,aggregate,1500,1.000000,0.047333,False,1.000000,1.000000,1.000000,1.000000,1.000000,1.000000,0.002067,0.002711,71.000000
sub09_k3_constrained,logistic_regression,under_failure,1295,0.863333,0.000000,True,,,0.000000,0.000000,0.000000,0.886486,0.149127,0.071149,0.000000
sub09_k3_constrained,logistic_regression,informative,186,0.124000,0.279570,False,0.963404,0.895272,0.840336,0.746269,0.961538,0.897849,0.182570,0.062579,52.000000
sub09_k3_constrained,logistic_regression,saturated,19,0.012667,1.000000,True,,,0.972973,1.000000,0.947368,0.947368,0.121000,0.035203,0.000000
sub09_k3_constrained,logistic_regression,aggregate,1500,1.000000,0.047333,False,0.963059,0.509219,0.448845,0.293103,0.957746,0.888667,0.149482,0.069631,71.000000
sub12_k5_simple,xgboost,under_failure,1344,0.896000,0.000000,True,,,0.000000,0.000000,0.000000,1.000000,0.005115,0.001713,0.000000
sub12_k5_simple,xgboost,informative,156,0.104000,0.000000,True,,,0.000000,0.000000,0.000000,1.000000,0.059491,0.007975,0.000000
sub12_k5_simple,xgboost,saturated,0,0.000000,,True,,,,,,,,,
sub12_k5_simple,xgboost,aggregate,1500,1.000000,0.000000,True,,,0.000000,0.000000,0.000000,1.000000,0.001866,0.002364,0.000000
sub12_k5_simple,random_forest,under_failure,1344,0.896000,0.000000,True,,,0.000000,0.000000,0.000000,1.000000,0.004333,0.001706,0.000000
sub12_k5_simple,random_forest,informative,156,0.104000,0.000000,True,,,0.000000,0.000000,0.000000,1.000000,0.055632,0.007768,0.000000
sub12_k5_simple,random_forest,saturated,0,0.000000,,True,,,,,,,,,
sub12_k5_simple,random_forest,aggregate,1500,1.000000,0.000000,True,,,0.000000,0.000000,0.000000,1.000000,0.002356,0.002337,0.000000
sub12_k5_simple,logistic_regression,under_failure,1344,0.896000,0.000000,True,,,0.000000,0.000000,0.000000,0.998512,0.056661,0.005718,0.000000
sub12_k5_simple,logistic_regression,informative,156,0.104000,0.000000,True,,,0.000000,0.000000,0.000000,1.000000,0.227176,0.055882,0.000000
sub12_k5_simple,logistic_regression,saturated,0,0.000000,,True,,,,,,,,,
sub12_k5_simple,logistic_regression,aggregate,1500,1.000000,0.000000,True,,,0.000000,0.000000,0.000000,0.998667,0.074395,0.010935,0.000000
sub12_k5_constrained,xgboost,under_failure,1478,0.985333,0.000000,True,,,0.000000,0.000000,0.000000,1.000000,0.001806,0.000839,0.000000
sub12_k5_constrained,xgboost,informative,22,0.014667,0.000000,True,,,0.000000,0.000000,0.000000,1.000000,0.108753,0.012298,0.000000
sub12_k5_constrained,xgboost,saturated,0,0.000000,,True,,,,,,,,,
sub12_k5_constrained,xgboost,aggregate,1500,1.000000,0.000000,True,,,0.000000,0.000000,0.000000,1.000000,0.000185,0.001007,0.000000
sub12_k5_constrained,random_forest,under_failure,1478,0.985333,0.000000,True,,,0.000000,0.000000,0.000000,1.000000,0.001771,0.000848,0.000000
sub12_k5_constrained,random_forest,informative,22,0.014667,0.000000,True,,,0.000000,0.000000,0.000000,1.000000,0.104947,0.011406,0.000000
sub12_k5_constrained,random_forest,saturated,0,0.000000,,True,,,,,,,,,
sub12_k5_constrained,random_forest,aggregate,1500,1.000000,0.000000,True,,,0.000000,0.000000,0.000000,1.000000,0.000206,0.001003,0.000000
sub12_k5_constrained,logistic_regression,under_failure,1478,0.985333,0.000000,True,,,0.000000,0.000000,0.000000,1.000000,0.030424,0.002056,0.000000
sub12_k5_constrained,logistic_regression,informative,22,0.014667,0.000000,True,,,0.000000,0.000000,0.000000,1.000000,0.175758,0.031111,0.000000
sub12_k5_constrained,logistic_regression,saturated,0,0.000000,,True,,,,,,,,,
sub12_k5_constrained,logistic_regression,aggregate,1500,1.000000,0.000000,True,,,0.000000,0.000000,0.000000,1.000000,0.032556,0.002482,0.000000
sub12_k3_simple,xgboost,under_failure,68,0.045333,0.000000,True,,,0.000000,0.000000,0.000000,0.985294,0.140240,0.026322,0.000000
sub12_k3_simple,xgboost,informative,605,0.403333,0.267769,False,0.988184,0.983349,0.987578,0.993750,0.981481,0.993388,0.027167,0.006044,162.000000
sub12_k3_simple,xgboost,saturated,827,0.551333,1.000000,True,,,1.000000,1.000000,1.000000,1.000000,0.017371,0.001908,0.000000
sub12_k3_simple,xgboost,aggregate,1500,1.000000,0.659333,False,0.997778,0.999057,0.997471,0.997976,0.996967,0.996667,0.007332,0.004683,511.000000
sub12_k3_simple,random_forest,under_failure,68,0.045333,0.000000,True,,,0.000000,0.000000,0.000000,1.000000,0.137995,0.021333,0.000000
sub12_k3_simple,random_forest,informative,605,0.403333,0.267769,False,0.988212,0.987994,0.987578,0.993750,0.981481,0.993388,0.024674,0.005473,162.000000
sub12_k3_simple,random_forest,saturated,827,0.551333,1.000000,True,,,1.000000,1.000000,1.000000,1.000000,0.015270,0.001927,0.000000
sub12_k3_simple,random_forest,aggregate,1500,1.000000,0.659333,False,0.998067,0.999161,0.997976,0.998987,0.996967,0.997333,0.006182,0.004237,511.000000
sub12_k3_simple,logistic_regression,under_failure,68,0.045333,0.000000,True,,,0.000000,0.000000,0.000000,0.779412,0.207502,0.095567,0.000000
sub12_k3_simple,logistic_regression,informative,605,0.403333,0.267769,False,0.916186,0.845143,0.642398,0.491803,0.925926,0.723967,0.202084,0.081866,162.000000
sub12_k3_simple,logistic_regression,saturated,827,0.551333,1.000000,True,,,0.955148,1.000000,0.914148,0.914148,0.152821,0.059888,0.000000
sub12_k3_simple,logistic_regression,aggregate,1500,1.000000,0.659333,False,0.906755,0.950105,0.877482,0.842007,0.916077,0.831333,0.090931,0.070370,511.000000
sub12_k3_constrained,xgboost,under_failure,212,0.141333,0.000000,True,,,0.000000,0.000000,0.000000,1.000000,0.117415,0.014651,0.000000
sub12_k3_constrained,xgboost,informative,1221,0.814000,0.004914,False,0.818930,0.671111,0.800000,1.000000,0.666667,0.998362,0.020719,0.004842,6.000000
sub12_k3_constrained,xgboost,saturated,67,0.044667,1.000000,True,,,1.000000,1.000000,1.000000,1.000000,0.020252,0.002650,0.000000
sub12_k3_constrained,xgboost,aggregate,1500,1.000000,0.048667,False,0.985332,0.976336,0.986111,1.000000,0.972603,0.998667,0.001098,0.006131,73.000000
sub12_k3_constrained,random_forest,under_failure,212,0.141333,0.000000,True,,,0.000000,0.000000,0.000000,1.000000,0.117453,0.014607,0.000000
sub12_k3_constrained,random_forest,informative,1221,0.814000,0.004914,False,0.844993,0.670532,0.800000,1.000000,0.666667,0.998362,0.021669,0.004785,6.000000
sub12_k3_constrained,random_forest,saturated,67,0.044667,1.000000,True,,,1.000000,1.000000,1.000000,1.000000,0.011038,0.001810,0.000000
sub12_k3_constrained,random_forest,aggregate,1500,1.000000,0.048667,False,0.987434,0.975847,0.986111,1.000000,0.972603,0.998667,0.001157,0.006041,73.000000
sub12_k3_constrained,logistic_regression,under_failure,212,0.141333,0.000000,True,,,0.000000,0.000000,0.000000,0.896226,0.145009,0.055539,0.000000
sub12_k3_constrained,logistic_regression,informative,1221,0.814000,0.004914,False,0.841564,0.067598,0.046512,0.024096,0.666667,0.865684,0.221392,0.072546,6.000000
sub12_k3_constrained,logistic_regression,saturated,67,0.044667,1.000000,True,,,0.977099,1.000000,0.955224,0.955224,0.096167,0.031121,0.000000
sub12_k3_constrained,logistic_regression,aggregate,1500,1.000000,0.048667,False,0.954383,0.489064,0.418462,0.269841,0.931507,0.874000,0.195457,0.068292,73.000000
sub15_k5_simple,xgboost,under_failure,842,0.561333,0.000000,True,,,0.000000,0.000000,0.000000,1.000000,0.037842,0.003154,0.000000
sub15_k5_simple,xgboost,informative,658,0.438667,0.121581,False,0.974654,0.765904,0.662069,0.738462,0.600000,0.925532,0.057162,0.006524,80.000000
sub15_k5_simple,xgboost,saturated,0,0.000000,,True,,,,,,,,,
sub15_k5_simple,xgboost,aggregate,1500,1.000000,0.053333,False,0.989674,0.765827,0.662069,0.738462,0.600000,0.967333,0.007270,0.004632,80.000000
sub15_k5_simple,random_forest,under_failure,842,0.561333,0.000000,True,,,0.000000,0.000000,0.000000,1.000000,0.036971,0.003005,0.000000
sub15_k5_simple,random_forest,informative,658,0.438667,0.121581,False,0.975562,0.739158,0.790698,0.739130,0.850000,0.945289,0.054322,0.006153,80.000000
sub15_k5_simple,random_forest,saturated,0,0.000000,,True,,,,,,,,,
sub15_k5_simple,random_forest,aggregate,1500,1.000000,0.053333,False,0.990053,0.739158,0.790698,0.739130,0.850000,0.976000,0.004055,0.004386,80.000000
sub15_k5_simple,logistic_regression,under_failure,842,0.561333,0.000000,True,,,0.000000,0.000000,0.000000,0.992874,0.080391,0.010251,0.000000
sub15_k5_simple,logistic_regression,informative,658,0.438667,0.121581,False,0.933413,0.563884,0.442623,0.642857,0.337500,0.896657,0.203674,0.053959,80.000000
sub15_k5_simple,logistic_regression,saturated,0,0.000000,,True,,,,,,,,,
sub15_k5_simple,logistic_regression,aggregate,1500,1.000000,0.053333,False,0.953521,0.473983,0.421875,0.562500,0.337500,0.950667,0.130513,0.029424,80.000000
sub15_k5_constrained,xgboost,under_failure,1277,0.851333,0.000000,True,,,0.000000,0.000000,0.000000,1.000000,0.015350,0.001946,0.000000
sub15_k5_constrained,xgboost,informative,223,0.148667,0.000000,True,,,0.000000,0.000000,0.000000,1.000000,0.063564,0.006442,0.000000
sub15_k5_constrained,xgboost,saturated,0,0.000000,,True,,,,,,,,,
sub15_k5_constrained,xgboost,aggregate,1500,1.000000,0.000000,True,,,0.000000,0.000000,0.000000,1.000000,0.003618,0.002614,0.000000
sub15_k5_constrained,random_forest,under_failure,1277,0.851333,0.000000,True,,,0.000000,0.000000,0.000000,1.000000,0.015058,0.001997,0.000000
sub15_k5_constrained,random_forest,informative,223,0.148667,0.000000,True,,,0.000000,0.000000,0.000000,1.000000,0.060957,0.006045,0.000000
sub15_k5_constrained,random_forest,saturated,0,0.000000,,True,,,,,,,,,
sub15_k5_constrained,random_forest,aggregate,1500,1.000000,0.000000,True,,,0.000000,0.000000,0.000000,1.000000,0.003950,0.002599,0.000000
sub15_k5_constrained,logistic_regression,under_failure,1277,0.851333,0.000000,True,,,0.000000,0.000000,0.000000,1.000000,0.066948,0.006156,0.000000
sub15_k5_constrained,logistic_regression,informative,223,0.148667,0.000000,True,,,0.000000,0.000000,0.000000,1.000000,0.200947,0.042071,0.000000
sub15_k5_constrained,logistic_regression,saturated,0,0.000000,,True,,,,,,,,,
sub15_k5_constrained,logistic_regression,aggregate,1500,1.000000,0.000000,True,,,0.000000,0.000000,0.000000,1.000000,0.086869,0.011495,0.000000
sub15_k3_simple,xgboost,under_failure,0,0.000000,,True,,,,,,,,,
sub15_k3_simple,xgboost,informative,520,0.346667,0.700000,False,0.608376,0.786047,0.772432,0.733333,0.815934,0.663462,0.015607,0.009162,156.000000
sub15_k3_simple,xgboost,saturated,980,0.653333,1.000000,True,,,1.000000,1.000000,1.000000,1.000000,0.003109,0.000668,0.000000
sub15_k3_simple,xgboost,aggregate,1500,1.000000,0.896000,False,0.893773,0.987482,0.935874,0.922022,0.950149,0.883333,0.005367,0.003612,156.000000
sub15_k3_simple,random_forest,under_failure,0,0.000000,,True,,,,,,,,,
sub15_k3_simple,random_forest,informative,520,0.346667,0.700000,False,0.607601,0.764822,0.697194,0.753994,0.648352,0.605769,0.010615,0.008280,156.000000
sub15_k3_simple,random_forest,saturated,980,0.653333,1.000000,True,,,1.000000,1.000000,1.000000,1.000000,0.001517,0.000636,0.000000
sub15_k3_simple,random_forest,aggregate,1500,1.000000,0.896000,False,0.893725,0.983923,0.922260,0.940449,0.904762,0.863333,0.003792,0.003286,156.000000
sub15_k3_simple,logistic_regression,under_failure,0,0.000000,,True,,,,,,,,,
sub15_k3_simple,logistic_regression,informative,520,0.346667,0.700000,False,0.622852,0.794963,0.821388,0.700971,0.991758,0.698077,0.271663,0.092121,156.000000
sub15_k3_simple,logistic_regression,saturated,980,0.653333,1.000000,True,,,1.000000,1.000000,1.000000,1.000000,0.033288,0.005309,0.000000
sub15_k3_simple,logistic_regression,aggregate,1500,1.000000,0.896000,False,0.839462,0.978378,0.944699,0.896990,0.997768,0.895333,0.072429,0.035404,156.000000
sub15_k3_constrained,xgboost,under_failure,0,0.000000,,True,,,,,,,,,
sub15_k3_constrained,xgboost,informative,1429,0.952667,0.689993,False,0.561783,0.721764,0.763022,0.710044,0.824544,0.646606,0.005781,0.009269,443.000000
sub15_k3_constrained,xgboost,saturated,71,0.047333,1.000000,True,,,1.000000,1.000000,1.000000,1.000000,0.022107,0.001291,0.000000
sub15_k3_constrained,xgboost,aggregate,1500,1.000000,0.704667,False,0.591218,0.781306,0.777827,0.726974,0.836329,0.663333,0.006553,0.008891,443.000000
sub15_k3_constrained,random_forest,under_failure,0,0.000000,,True,,,,,,,,,
sub15_k3_constrained,random_forest,informative,1429,0.952667,0.689993,False,0.568718,0.729120,0.807611,0.692531,0.968560,0.681596,0.004957,0.008907,443.000000
sub15_k3_constrained,random_forest,saturated,71,0.047333,1.000000,True,,,1.000000,1.000000,1.000000,1.000000,0.005885,0.000380,0.000000
sub15_k3_constrained,random_forest,aggregate,1500,1.000000,0.704667,False,0.597688,0.772208,0.818508,0.707586,0.970672,0.696667,0.005001,0.008503,443.000000
sub15_k3_constrained,logistic_regression,under_failure,0,0.000000,,True,,,,,,,,,
sub15_k3_constrained,logistic_regression,informative,1429,0.952667,0.689993,False,0.562260,0.734376,0.810584,0.691756,0.978702,0.684395,0.158399,0.039822,443.000000
sub15_k3_constrained,logistic_regression,saturated,71,0.047333,1.000000,True,,,1.000000,1.000000,1.000000,1.000000,0.233708,0.061866,0.000000
sub15_k3_constrained,logistic_regression,aggregate,1500,1.000000,0.704667,False,0.575401,0.757996,0.821245,0.706685,0.980132,0.699333,0.139840,0.040865,443.000000
sub18_k5_simple,xgboost,under_failure,84,0.056000,0.000000,True,,,0.000000,0.000000,0.000000,1.000000,0.114631,0.015596,0.000000
sub18_k5_simple,xgboost,informative,1390,0.926667,0.094964,False,0.912650,0.789184,0.773333,0.935484,0.659091,0.963309,0.011597,0.006813,132.000000
sub18_k5_simple,xgboost,saturated,26,0.017333,1.000000,True,,,1.000000,1.000000,1.000000,1.000000,0.122999,0.018989,0.000000
sub18_k5_simple,xgboost,aggregate,1500,1.000000,0.105333,False,0.930799,0.835311,0.815884,0.949580,0.715190,0.966000,0.005420,0.007516,158.000000
sub18_k5_simple,random_forest,under_failure,84,0.056000,0.000000,True,,,0.000000,0.000000,0.000000,1.000000,0.101320,0.015197,0.000000
sub18_k5_simple,random_forest,informative,1390,0.926667,0.094964,False,0.915513,0.771313,0.773333,0.935484,0.659091,0.963309,0.011075,0.007015,132.000000
sub18_k5_simple,random_forest,saturated,26,0.017333,1.000000,True,,,1.000000,1.000000,1.000000,1.000000,0.107963,0.012646,0.000000
sub18_k5_simple,random_forest,aggregate,1500,1.000000,0.105333,False,0.933059,0.820727,0.815884,0.949580,0.715190,0.966000,0.009074,0.007571,158.000000
sub18_k5_simple,logistic_regression,under_failure,84,0.056000,0.000000,True,,,0.000000,0.000000,0.000000,1.000000,0.091638,0.009720,0.000000
sub18_k5_simple,logistic_regression,informative,1390,0.926667,0.094964,False,0.837886,0.566259,0.527273,0.659091,0.439394,0.925180,0.247518,0.077825,132.000000
sub18_k5_simple,logistic_regression,saturated,26,0.017333,1.000000,True,,,0.631579,1.000000,0.461538,0.461538,0.391972,0.224066,0.000000
sub18_k5_simple,logistic_regression,aggregate,1500,1.000000,0.105333,False,0.862783,0.615489,0.542636,0.700000,0.443038,0.921333,0.239521,0.076546,158.000000
sub18_k5_constrained,xgboost,under_failure,442,0.294667,0.000000,True,,,0.000000,0.000000,0.000000,1.000000,0.070412,0.006078,0.000000
sub18_k5_constrained,xgboost,informative,1058,0.705333,0.017013,False,0.921421,0.112073,0.000000,0.000000,0.000000,0.982987,0.025345,0.004990,18.000000
sub18_k5_constrained,xgboost,saturated,0,0.000000,,True,,,,,,,,,
sub18_k5_constrained,xgboost,aggregate,1500,1.000000,0.012000,False,0.944782,0.112032,0.000000,0.000000,0.000000,0.988000,0.004595,0.005311,18.000000
sub18_k5_constrained,random_forest,under_failure,442,0.294667,0.000000,True,,,0.000000,0.000000,0.000000,1.000000,0.067757,0.005829,0.000000
sub18_k5_constrained,random_forest,informative,1058,0.705333,0.017013,False,0.917041,0.100872,0.000000,0.000000,0.000000,0.982987,0.026325,0.005319,18.000000
sub18_k5_constrained,random_forest,saturated,0,0.000000,,True,,,,,,,,,
sub18_k5_constrained,random_forest,aggregate,1500,1.000000,0.012000,False,0.941764,0.100859,0.000000,0.000000,0.000000,0.988000,0.003464,0.005469,18.000000
sub18_k5_constrained,logistic_regression,under_failure,442,0.294667,0.000000,True,,,0.000000,0.000000,0.000000,0.932127,0.120574,0.036909,0.000000
sub18_k5_constrained,logistic_regression,informative,1058,0.705333,0.017013,False,0.842895,0.065482,0.105634,0.056391,0.833333,0.759924,0.222259,0.081207,18.000000
sub18_k5_constrained,logistic_regression,saturated,0,0.000000,,True,,,,,,,,,
sub18_k5_constrained,logistic_regression,aggregate,1500,1.000000,0.012000,False,0.873032,0.061273,0.095541,0.050676,0.833333,0.810667,0.187824,0.068154,18.000000
sub18_k3_simple,xgboost,under_failure,0,0.000000,,True,,,,,,,,,
sub18_k3_simple,xgboost,informative,374,0.249333,1.000000,True,,,1.000000,1.000000,1.000000,1.000000,0.025587,0.004427,0.000000
sub18_k3_simple,xgboost,saturated,1126,0.750667,1.000000,True,,,1.000000,1.000000,1.000000,1.000000,0.010319,0.001142,0.000000
sub18_k3_simple,xgboost,aggregate,1500,1.000000,1.000000,True,,,1.000000,1.000000,1.000000,1.000000,0.002648,0.001961,0.000000
sub18_k3_simple,random_forest,under_failure,0,0.000000,,True,,,,,,,,,
sub18_k3_simple,random_forest,informative,374,0.249333,1.000000,True,,,1.000000,1.000000,1.000000,1.000000,0.025778,0.003888,0.000000
sub18_k3_simple,random_forest,saturated,1126,0.750667,1.000000,True,,,1.000000,1.000000,1.000000,1.000000,0.010264,0.001164,0.000000
sub18_k3_simple,random_forest,aggregate,1500,1.000000,1.000000,True,,,1.000000,1.000000,1.000000,1.000000,0.001533,0.001843,0.000000
sub18_k3_simple,logistic_regression,under_failure,0,0.000000,,True,,,,,,,,,
sub18_k3_simple,logistic_regression,informative,374,0.249333,1.000000,True,,,1.000000,1.000000,1.000000,1.000000,0.228208,0.055308,0.000000
sub18_k3_simple,logistic_regression,saturated,1126,0.750667,1.000000,True,,,0.999556,1.000000,0.999112,0.999112,0.018670,0.002239,0.000000
sub18_k3_simple,logistic_regression,aggregate,1500,1.000000,1.000000,True,,,0.999667,1.000000,0.999333,0.999333,0.070798,0.015471,0.000000
sub18_k3_constrained,xgboost,under_failure,0,0.000000,,True,,,,,,,,,
sub18_k3_constrained,xgboost,informative,1032,0.688000,1.000000,True,,,1.000000,1.000000,1.000000,1.000000,0.029466,0.004193,0.000000
sub18_k3_constrained,xgboost,saturated,468,0.312000,1.000000,True,,,1.000000,1.000000,1.000000,1.000000,0.076548,0.007615,0.000000
sub18_k3_constrained,xgboost,aggregate,1500,1.000000,1.000000,True,,,1.000000,1.000000,1.000000,1.000000,0.003610,0.005260,0.000000
sub18_k3_constrained,random_forest,under_failure,0,0.000000,,True,,,,,,,,,
sub18_k3_constrained,random_forest,informative,1032,0.688000,1.000000,True,,,1.000000,1.000000,1.000000,1.000000,0.029973,0.004084,0.000000
sub18_k3_constrained,random_forest,saturated,468,0.312000,1.000000,True,,,1.000000,1.000000,1.000000,1.000000,0.076332,0.007738,0.000000
sub18_k3_constrained,random_forest,aggregate,1500,1.000000,1.000000,True,,,1.000000,1.000000,1.000000,1.000000,0.004193,0.005224,0.000000
sub18_k3_constrained,logistic_regression,under_failure,0,0.000000,,True,,,,,,,,,
sub18_k3_constrained,logistic_regression,informative,1032,0.688000,1.000000,True,,,0.999515,1.000000,0.999031,0.999031,0.232306,0.057584,0.000000
sub18_k3_constrained,logistic_regression,saturated,468,0.312000,1.000000,True,,,1.000000,1.000000,1.000000,1.000000,0.090986,0.010524,0.000000
sub18_k3_constrained,logistic_regression,aggregate,1500,1.000000,1.000000,True,,,0.999667,1.000000,0.999333,0.999333,0.187997,0.042901,0.000000
sub20_k5_simple,xgboost,under_failure,2,0.001333,0.000000,True,,,0.000000,0.000000,0.000000,1.000000,0.246638,0.062596,0.000000
sub20_k5_simple,xgboost,informative,1403,0.935333,0.432644,False,0.734726,0.666385,0.549708,0.673031,0.464580,0.670706,0.006869,0.008856,607.000000
sub20_k5_simple,xgboost,saturated,95,0.063333,1.000000,True,,,1.000000,1.000000,1.000000,1.000000,0.024900,0.003090,0.000000
sub20_k5_simple,xgboost,aggregate,1500,1.000000,0.468000,False,0.771123,0.764714,0.620066,0.733463,0.537037,0.692000,0.007040,0.008563,702.000000
sub20_k5_simple,random_forest,under_failure,2,0.001333,0.000000,True,,,0.000000,0.000000,0.000000,1.000000,0.226050,0.052796,0.000000
sub20_k5_simple,random_forest,informative,1403,0.935333,0.432644,False,0.736400,0.655498,0.582160,0.676856,0.510708,0.682823,0.010291,0.009151,607.000000
sub20_k5_simple,random_forest,saturated,95,0.063333,1.000000,True,,,1.000000,1.000000,1.000000,1.000000,0.019596,0.002264,0.000000
sub20_k5_simple,random_forest,aggregate,1500,1.000000,0.468000,False,0.772589,0.751025,0.645418,0.732369,0.576923,0.703333,0.008439,0.008773,702.000000
sub20_k5_simple,logistic_regression,under_failure,2,0.001333,0.000000,True,,,0.000000,0.000000,0.000000,1.000000,0.100593,0.011156,0.000000
sub20_k5_simple,logistic_regression,informative,1403,0.935333,0.432644,False,0.701709,0.642483,0.584211,0.624765,0.548600,0.662153,0.122061,0.032314,607.000000
sub20_k5_simple,logistic_regression,saturated,95,0.063333,1.000000,True,,,0.932584,1.000000,0.873684,0.873684,0.188699,0.065030,0.000000
sub20_k5_simple,logistic_regression,aggregate,1500,1.000000,0.468000,False,0.729814,0.714874,0.631259,0.675325,0.592593,0.676000,0.111615,0.034357,702.000000
sub20_k5_constrained,xgboost,under_failure,36,0.024000,0.000000,True,,,0.000000,0.000000,0.000000,1.000000,0.175536,0.031548,0.000000
sub20_k5_constrained,xgboost,informative,1464,0.976000,0.165984,False,0.929465,0.724118,0.610723,0.704301,0.539095,0.885929,0.002630,0.006568,243.000000
sub20_k5_constrained,xgboost,saturated,0,0.000000,,True,,,,,,,,,
sub20_k5_constrained,xgboost,aggregate,1500,1.000000,0.162000,False,0.931056,0.723913,0.610723,0.704301,0.539095,0.888667,0.006614,0.007168,243.000000
sub20_k5_constrained,random_forest,under_failure,36,0.024000,0.000000,True,,,0.000000,0.000000,0.000000,1.000000,0.173575,0.030929,0.000000
sub20_k5_constrained,random_forest,informative,1464,0.976000,0.165984,False,0.929445,0.685885,0.642241,0.674208,0.613169,0.886612,0.003629,0.006624,243.000000
sub20_k5_constrained,random_forest,saturated,0,0.000000,,True,,,,,,,,,
sub20_k5_constrained,random_forest,aggregate,1500,1.000000,0.162000,False,0.931076,0.685682,0.642241,0.674208,0.613169,0.889333,0.006084,0.007208,243.000000
sub20_k5_constrained,logistic_regression,under_failure,36,0.024000,0.000000,True,,,0.000000,0.000000,0.000000,1.000000,0.064146,0.005796,0.000000
sub20_k5_constrained,logistic_regression,informative,1464,0.976000,0.165984,False,0.841805,0.580733,0.384840,0.660000,0.271605,0.855874,0.210199,0.058435,243.000000
sub20_k5_constrained,logistic_regression,saturated,0,0.000000,,True,,,,,,,,,
sub20_k5_constrained,logistic_regression,aggregate,1500,1.000000,0.162000,False,0.843553,0.579647,0.384840,0.660000,0.271605,0.859333,0.206182,0.057171,243.000000
sub20_k3_simple,xgboost,under_failure,0,0.000000,,True,,,,,,,,,
sub20_k3_simple,xgboost,informative,59,0.039333,1.000000,True,,,1.000000,1.000000,1.000000,1.000000,0.086367,0.008231,0.000000
sub20_k3_simple,xgboost,saturated,1441,0.960667,1.000000,True,,,1.000000,1.000000,1.000000,1.000000,0.005316,0.000671,0.000000
sub20_k3_simple,xgboost,aggregate,1500,1.000000,1.000000,True,,,1.000000,1.000000,1.000000,1.000000,0.001710,0.000969,0.000000
sub20_k3_simple,random_forest,under_failure,0,0.000000,,True,,,,,,,,,
sub20_k3_simple,random_forest,informative,59,0.039333,1.000000,True,,,1.000000,1.000000,1.000000,1.000000,0.087534,0.008536,0.000000
sub20_k3_simple,random_forest,saturated,1441,0.960667,1.000000,True,,,1.000000,1.000000,1.000000,1.000000,0.005150,0.000650,0.000000
sub20_k3_simple,random_forest,aggregate,1500,1.000000,1.000000,True,,,1.000000,1.000000,1.000000,1.000000,0.001504,0.000960,0.000000
sub20_k3_simple,logistic_regression,under_failure,0,0.000000,,True,,,,,,,,,
sub20_k3_simple,logistic_regression,informative,59,0.039333,1.000000,True,,,1.000000,1.000000,1.000000,1.000000,0.183051,0.034049,0.000000
sub20_k3_simple,logistic_regression,saturated,1441,0.960667,1.000000,True,,,1.000000,1.000000,1.000000,1.000000,0.023988,0.002208,0.000000
sub20_k3_simple,logistic_regression,aggregate,1500,1.000000,1.000000,True,,,1.000000,1.000000,1.000000,1.000000,0.030244,0.003460,0.000000
sub20_k3_constrained,xgboost,under_failure,0,0.000000,,True,,,,,,,,,
sub20_k3_constrained,xgboost,informative,191,0.127333,1.000000,True,,,1.000000,1.000000,1.000000,1.000000,0.091924,0.009224,0.000000
sub20_k3_constrained,xgboost,saturated,1309,0.872667,1.000000,True,,,1.000000,1.000000,1.000000,1.000000,0.014911,0.001707,0.000000
sub20_k3_constrained,xgboost,aggregate,1500,1.000000,1.000000,True,,,1.000000,1.000000,1.000000,1.000000,0.001307,0.002664,0.000000
sub20_k3_constrained,random_forest,under_failure,0,0.000000,,True,,,,,,,,,
sub20_k3_constrained,random_forest,informative,191,0.127333,1.000000,True,,,1.000000,1.000000,1.000000,1.000000,0.090795,0.009023,0.000000
sub20_k3_constrained,random_forest,saturated,1309,0.872667,1.000000,True,,,1.000000,1.000000,1.000000,1.000000,0.014423,0.001693,0.000000
sub20_k3_constrained,random_forest,aggregate,1500,1.000000,1.000000,True,,,1.000000,1.000000,1.000000,1.000000,0.001025,0.002626,0.000000
sub20_k3_constrained,logistic_regression,under_failure,0,0.000000,,True,,,,,,,,,
sub20_k3_constrained,logistic_regression,informative,191,0.127333,1.000000,True,,,1.000000,1.000000,1.000000,1.000000,0.186038,0.035323,0.000000
sub20_k3_constrained,logistic_regression,saturated,1309,0.872667,1.000000,True,,,1.000000,1.000000,1.000000,1.000000,0.072727,0.007018,0.000000
sub20_k3_constrained,logistic_regression,aggregate,1500,1.000000,1.000000,True,,,1.000000,1.000000,1.000000,1.000000,0.087156,0.010622,0.000000
